Timestamp,I have read the participant information and agree to take part in this survey.,Please provide the age range you belong to:,Where do you live?,Which language do you prefer for health information?,Which of the following digital healthcare services have you used in the past year?,How often do you use digital healthcare services?,Which platform do you use most often?,Overall Trust in Digital Healthcare Services [I trust digital and telehealth services for managing my healthcare needs.],Overall Trust in Digital Healthcare Services [I feel confident relying on digital healthcare services when medical help is needed.],Overall Trust in Digital Healthcare Services [I believe that digital healthcare providers generally act in my best interest regarding my health.],Trust-Building Factors: Data Privacy and Security [I believe my personal health information is kept private on digital healthcare platforms.],Trust-Building Factors: Data Privacy and Security [I feel my health data is protected from misuse or cyberattacks.],Trust-Building Factors: Data Privacy and Security [I am confident that the platform uses advanced encryption (secure technology) to store my medical records.],Trust-Building Factors: Data Transparency [Digital healthcare platforms clearly explain how my health data is used.],"Trust-Building Factors: Data Transparency [I can see which parties (doctor, lab, pharmacy) my health data is shared with.]",Trust-Building Factors: Data Transparency [I can see who has accessed my health records and when.],Trust-Building Factors: Consent and Control [I am asked for clear permission before my health data is collected or shared.],Trust-Building Factors: Consent and Control [I feel confident that I can withdraw my consent or delete my data from the platform whenever I choose.],"Trust-Building Factors: Consent and Control [I can choose which partners (lab, pharmacy, insurer) are allowed to see my data.]",Trust-Building Factors: Governance and Accountability [It is clear who is responsible if my health data is misused.],Trust-Building Factors: Governance and Accountability [There is an easy way to raise a complaint about my data or my care.],Trust-Building Factors: Governance and Accountability [Complaints I raise are tracked and resolved within a reasonable time.],Trust-Building Factors: Communication [The platform explains things in simple language that I understand.],"Trust-Building Factors: Communication [I receive timely updates at each step of my care (e.g., report ready, medicine dispatched).]",Trust-Building Factors: Communication [Messages from the platform feel respectful and caring.],Trust-Building Factors: Credibility and Social Proof [I trust digital healthcare services that are associated with certified doctors or hospitals.],Trust-Building Factors: Credibility and Social Proof [Seeing doctor qualifications on digital platforms increases my trust.],Trust-Building Factors: Credibility and Social Proof [Positive reviews and ratings from other patients significantly increase my trust in a digital doctor.],Trust-Building Factors: Credibility and Social Proof [Well-known digital healthcare platforms appear more trustworthy to me.],Trust-Building Factors: Credibility and Social Proof [I am more likely to trust a digital healthcare platform if it is recommended by friends or family.],Trust-Building Factors: Service Reliability [Digital healthcare platforms provide reliable medical advice.],Trust-Building Factors: Service Reliability [Online consultations through digital healthcare are generally accurate.],"Trust-Building Factors: Service Reliability [I trust that the platform will function smoothly without technical glitches (e.g., video freezing) during consultations.]",Trust Barriers / Concerns [I worry that my health data may be shared without my permission.],Trust Barriers / Concerns [I worry that my health data might be sold to third-party companies (like insurance or pharmaceutical firms) without my knowledge.],Trust Barriers / Concerns [I am concerned about incorrect diagnosis through online consultations.],Trust Barriers / Concerns [The lack of physical examination reduces my trust in digital healthcare services.],Trust Barriers / Concerns [I am concerned that important physical symptoms might be missed because the doctor cannot see me clearly through a screen.],Trust Barriers / Concerns [I fear online fraud while making payments on digital healthcare platforms.],Trust Barriers / Concerns [Hidden charges reduce my trust in digital healthcare services.],Trust Barriers / Concerns [Using digital healthcare platforms feels complicated for me.],"Trust Barriers / Concerns [I find the registration or login process for digital health apps frustrating, which lowers my trust in them.]",Future Intention and Adoption [I intend to continue using digital healthcare services in the future.],Future Intention and Adoption [I would recommend digital healthcare services to others.],Future Intention and Adoption [I plan to make digital healthcare my first option for minor health issues before visiting a physical clinic.],"Trust Barriers / Concerns [To show you are reading carefully, please select 'Agree' for this statement.]",Pricing [The pricing of digital healthcare services is clear and upfront.],Future Intention and Adoption [I am willing to use digital healthcare services more frequently if trust concerns are addressed.],Your overall experience with digital healthcare services can be rated as:
2026-01-21 09:24:36.731990,Yes,25-34,Metro city,Marathi,Online prescription refills/pharmacy services,A few times a year,Apollo 24|7,Strongly Agree,Strongly Agree,Strongly Agree,Strongly Agree,Strongly Agree,Strongly Agree,Strongly Agree,Strongly Agree,Strongly Agree,Strongly Agree,Strongly Agree,Strongly Agree,Strongly Agree,Strongly Agree,Strongly Agree,Strongly Agree,Strongly Agree,Strongly Agree,Strongly Agree,Strongly Agree,Strongly Agree,Strongly Agree,Strongly Agree,Strongly Agree,,Strongly Agree,Strongly Agree,Strongly Agree,Strongly Agree,Strongly Agree,Strongly Agree,Strongly Agree,Strongly Agree,Strongly Agree,Strongly Agree,Strongly Agree,Strongly Agree,Strongly Agree,Strongly Agree,Strongly Agree,Strongly Agree,3
2026-01-21 09:59:32.380313,Yes,35-44,Tier-2 / Tier-3 city,Marathi,"Online doctor consultations (video/chat), Online prescription refills/pharmacy services",Monthly,PharmEasy,Disagree,Disagree,Disagree,Disagree,Neutral,Agree,Disagree,Disagree,Neutral,Strongly Disagree,Strongly Disagree,Disagree,Agree,Agree,Strongly Agree,Agree,Agree,Agree,Strongly Agree,Strongly Agree,Strongly Agree,Agree,Agree,Neutral,Strongly Agree,Agree,Agree,Agree,Neutral,Neutral,Agree,Strongly Agree,Disagree,Strongly Agree,Strongly Agree,Neutral,Disagree,Disagree,Agree,Strongly Disagree,Agree,2
2026-01-21 10:06:25.443958,Yes,25-34,Rural / semi-urban,English,"Viewing lab results/medical records online, Digital health monitoring apps (e.g. BP, fitness)",A few times a year,Practo,Disagree,Strongly Disagree,Disagree,Neutral,Neutral,Neutral,Agree,Neutral,Agree,Neutral,Disagree,Disagree,Disagree,Strongly Disagree,Strongly Disagree,Strongly Disagree,,Strongly Disagree,Neutral,Neutral,Disagree,Disagree,Disagree,Disagree,Disagree,Disagree,Strongly Agree,Strongly Agree,Disagree,Disagree,Strongly Disagree,Agree,Agree,Strongly Agree,Agree,Disagree,Disagree,Disagree,Agree,Agree,Strongly Agree,1
2026-01-21 10:59:07.263957,Yes,18-24,Rural / semi-urban,Hindi,"Online prescription refills/pharmacy services, Digital health monitoring apps (e.g. BP, fitness)",Monthly,Tata 1mg,Agree,Neutral,Neutral,Neutral,Agree,Neutral,Agree,Neutral,Agree,Agree,Neutral,Agree,Neutral,Agree,Agree,Neutral,Agree,Agree,Strongly Agree,Neutral,Disagree,Agree,Agree,Strongly Agree,Strongly Agree,Strongly Agree,Strongly Disagree,Disagree,Disagree,Disagree,Agree,Agree,Strongly Disagree,Neutral,Neutral,Disagree,Neutral,Agree,Agree,Strongly Agree,Neutral,3
2026-01-21 11:53:04.901366,Yes,25-34,Metro city,English,Scheduling appointments online,A few times a year,PharmEasy,Strongly Agree,Strongly Agree,Strongly Agree,Strongly Agree,Strongly Agree,Strongly Agree,Strongly Agree,Strongly Agree,Strongly Agree,,Strongly Agree,Strongly Agree,Strongly Agree,Strongly Agree,Strongly Agree,Strongly Agree,Strongly Agree,Strongly Agree,Strongly Agree,Strongly Agree,Strongly Agree,Strongly Agree,Strongly Agree,Strongly Agree,Strongly Agree,Strongly Agree,Strongly Agree,Strongly Agree,Strongly Agree,Strongly Agree,Strongly Agree,Strongly Agree,Strongly Agree,Strongly Agree,Strongly Agree,Strongly Agree,Strongly Agree,Strongly Agree,Strongly Agree,Strongly Agree,Strongly Agree,1
2026-01-21 12:38:00.831837,Yes,Under 18,,,,,,,,,,,,,,,,,,,,,,,,,,,,,,,,,,,,,,,,,,,,,,,
2026-01-21 13:08:46.542160,Yes,45-54,Tier-2 / Tier-3 city,Hindi,"Online doctor consultations (video/chat), Scheduling appointments online, Online prescription refills/pharmacy services, Digital health monitoring apps (e.g. BP, fitness)",Daily/Almost Daily,PharmEasy,Disagree,Disagree,Disagree,Neutral,Strongly Disagree,Strongly Disagree,Disagree,Disagree,Neutral,Agree,Disagree,Agree,Strongly Disagree,Strongly Disagree,Disagree,Neutral,Neutral,Disagree,Agree,Disagree,Neutral,Disagree,Agree,Neutral,Neutral,Agree,Neutral,Neutral,Agree,Agree,Agree,Disagree,Neutral,Disagree,Neutral,Strongly Disagree,Strongly Disagree,Strongly Disagree,Agree,Neutral,Disagree,2
2026-01-21 14:19:40.313082,Yes,25-34,Rural / semi-urban,Hindi,"Scheduling appointments online, Online prescription refills/pharmacy services, Mental health/counselling via telehealth, Viewing lab results/medical records online",Weekly,PharmEasy,Agree,Agree,Agree,Agree,Agree,Neutral,Disagree,Neutral,Strongly Disagree,Strongly Agree,Agree,Agree,Strongly Agree,Agree,Agree,Strongly Agree,Agree,Agree,Agree,Neutral,Neutral,Strongly Agree,Agree,Agree,Agree,Disagree,Agree,Neutral,Neutral,Agree,Agree,Agree,Strongly Agree,Neutral,Neutral,Agree,Agree,Agree,Agree,Disagree,Neutral,3
2026-01-21 14:43:14.311362,Yes,18-24,Metro city,Other,"Viewing lab results/medical records online, Online prescription refills/pharmacy services, Mental health/counselling via telehealth, Online doctor consultations (video/chat)",Monthly,Other,Neutral,Disagree,Neutral,Neutral,Neutral,Disagree,Agree,Agree,Agree,Agree,Agree,Neutral,Neutral,Agree,Neutral,Disagree,Neutral,Neutral,Agree,Agree,Agree,Agree,Disagree,Neutral,Neutral,Agree,Disagree,Neutral,Agree,Agree,Neutral,Agree,Agree,Strongly Agree,Strongly Agree,Strongly Disagree,Strongly Disagree,Strongly Disagree,Agree,Agree,Agree,2
2026-01-21 17:29:32.200480,Yes,55-64,Rural / semi-urban,Hindi,"Online doctor consultations (video/chat), Viewing lab results/medical records online",A few times a year,Hospital's own app,Agree,Neutral,Neutral,Agree,Neutral,Neutral,Strongly Disagree,Disagree,Strongly Disagree,Neutral,Strongly Disagree,Strongly Disagree,Disagree,Disagree,Strongly Disagree,Agree,Disagree,Disagree,Agree,Agree,Strongly Agree,Agree,Strongly Agree,Agree,,Strongly Agree,Neutral,Neutral,Agree,Strongly Agree,Neutral,Disagree,Neutral,Agree,Strongly Agree,Neutral,Strongly Agree,Agree,Agree,Agree,Neutral,4
2026-01-21 17:59:54.995803,Yes,65 and over,Tier-2 / Tier-3 city,English,"Online doctor consultations (video/chat), Online prescription refills/pharmacy services",Weekly,Apollo 24|7,Neutral,Agree,Agree,Neutral,Agree,Agree,Agree,Agree,Agree,Neutral,Disagree,Agree,Agree,Agree,Neutral,Neutral,Agree,Neutral,Agree,Agree,Neutral,Agree,Agree,Strongly Agree,Strongly Disagree,Disagree,Neutral,Neutral,Strongly Agree,Strongly Agree,Agree,Disagree,Neutral,Neutral,Disagree,Agree,Neutral,Agree,Agree,Strongly Agree,Neutral,3
2026-01-21 19:13:48.441531,Yes,35-44,Metro city,Hindi,"Viewing lab results/medical records online, Online doctor consultations (video/chat), Scheduling appointments online",Monthly,Practo,Disagree,Disagree,Agree,Strongly Agree,Strongly Disagree,Agree,Disagree,Disagree,Strongly Agree,Disagree,Neutral,Agree,Neutral,Neutral,Neutral,Strongly Agree,Strongly Agree,Disagree,Strongly Disagree,Strongly Disagree,Disagree,Agree,Disagree,Agree,Strongly Agree,Agree,Strongly Agree,Agree,Agree,Disagree,Neutral,Strongly Disagree,Neutral,Strongly Disagree,Agree,Disagree,Neutral,Agree,Strongly Agree,Agree,Strongly Disagree,3
2026-01-21 19:26:20.428512,Yes,25-34,Metro city,English,"Online doctor consultations (video/chat), Scheduling appointments online",Monthly,Tata 1mg,Neutral,Neutral,Disagree,Neutral,Neutral,Neutral,Neutral,Neutral,Agree,Strongly Agree,Strongly Agree,Strongly Agree,Disagree,Strongly Disagree,Disagree,Neutral,Disagree,Neutral,Agree,Neutral,Disagree,Disagree,Neutral,Agree,Agree,Strongly Agree,Agree,Neutral,Agree,Neutral,Agree,Disagree,Agree,Agree,Agree,Neutral,Disagree,Neutral,Agree,Agree,Agree,3
2026-01-21 19:43:56.557634,Yes,25-34,Metro city,English,"Mental health/counselling via telehealth, Online doctor consultations (video/chat)",A few times a year,PharmEasy,Neutral,Neutral,Neutral,Neutral,Neutral,Neutral,Neutral,Neutral,Neutral,Neutral,Neutral,Neutral,Neutral,Neutral,Neutral,Neutral,Neutral,Neutral,Neutral,Neutral,Neutral,Neutral,Neutral,Neutral,Neutral,Neutral,Neutral,Neutral,Neutral,Neutral,Neutral,Neutral,Neutral,Neutral,Neutral,Neutral,Neutral,Neutral,Neutral,Neutral,Neutral,3
2026-01-21 19:55:29.503378,Yes,Under 18,,,,,,,,,,,,,,,,,,,,,,,,,,,,,,,,,,,,,,,,,,,,,,,
2026-01-21 20:00:57.453908,Yes,18-24,Tier-2 / Tier-3 city,Marathi,Online prescription refills/pharmacy services,A few times a year,Tata 1mg,Strongly Agree,Strongly Agree,Strongly Agree,Agree,Neutral,Agree,Agree,Strongly Agree,Strongly Agree,Neutral,Agree,Neutral,Agree,Agree,Agree,Agree,Agree,Agree,Strongly Agree,Neutral,Agree,,Strongly Agree,Agree,Strongly Agree,Agree,Disagree,Disagree,Strongly Disagree,Strongly Disagree,Strongly Disagree,Neutral,Agree,Disagree,Neutral,Strongly Agree,Strongly Agree,Strongly Agree,Agree,Neutral,Neutral,5
2026-01-21 20:13:04.461595,Yes,18-24,Metro city,Hindi,Online prescription refills/pharmacy services,Monthly,Practo,Neutral,Agree,Neutral,Agree,Agree,Disagree,Neutral,Agree,Neutral,Agree,Agree,Agree,Neutral,Strongly Disagree,Disagree,Neutral,Neutral,Agree,Agree,Neutral,Agree,Disagree,Neutral,Disagree,Agree,Agree,Disagree,Agree,Agree,Neutral,Strongly Disagree,Neutral,Strongly Agree,Strongly Agree,Strongly Agree,Agree,Disagree,Disagree,Agree,Neutral,Strongly Disagree,4
2026-01-21 20:27:07.782093,Yes,25-34,Tier-2 / Tier-3 city,Marathi,"Scheduling appointments online, Online doctor consultations (video/chat)",A few times a year,Apollo 24|7,Disagree,Neutral,Strongly Disagree,Agree,Agree,Neutral,Neutral,Neutral,Disagree,Disagree,Strongly Agree,Agree,Agree,Disagree,Agree,Agree,Agree,Neutral,Agree,Agree,Neutral,Agree,Neutral,Agree,Neutral,Strongly Disagree,Agree,Disagree,Agree,Strongly Agree,Agree,Neutral,Neutral,Disagree,Disagree,Neutral,Neutral,Agree,Agree,Agree,Disagree,2
2026-01-21 20:29:40.272600,Yes,35-44,Tier-2 / Tier-3 city,Hindi,Viewing lab results/medical records online,Weekly,Apollo 24|7,Neutral,Agree,Agree,Agree,Neutral,Agree,Agree,Agree,Agree,Disagree,Strongly Agree,Agree,Disagree,Agree,Neutral,Neutral,Agree,Agree,Neutral,Neutral,Disagree,Neutral,Neutral,Neutral,Neutral,Neutral,Neutral,Strongly Disagree,Agree,Strongly Agree,Agree,Agree,Strongly Agree,Neutral,Neutral,Neutral,Neutral,Neutral,Agree,Strongly Agree,Strongly Agree,4
2026-01-21 20:30:35.999402,Yes,18-24,Metro city,English,"Online prescription refills/pharmacy services, Mental health/counselling via telehealth, Online doctor consultations (video/chat)",Weekly,Tata 1mg,Strongly Agree,Strongly Agree,Agree,Agree,Strongly Agree,Neutral,Strongly Agree,Strongly Agree,Agree,Agree,Neutral,Agree,Neutral,Neutral,Neutral,Neutral,Disagree,Agree,Strongly Agree,Strongly Agree,Disagree,Neutral,Agree,Agree,Strongly Agree,Neutral,Agree,Strongly Agree,Disagree,Agree,Neutral,Strongly Agree,Strongly Agree,Agree,Strongly Agree,Agree,Agree,Neutral,Agree,Neutral,Strongly Disagree,4
2026-01-21 20:44:12.122406,Yes,18-24,Tier-2 / Tier-3 city,English,"Scheduling appointments online, Online doctor consultations (video/chat), Online prescription refills/pharmacy services",Monthly,Practo,Neutral,Agree,Neutral,Agree,Agree,Neutral,Strongly Disagree,Agree,Agree,Disagree,Disagree,Agree,Neutral,Strongly Disagree,Neutral,Neutral,Neutral,Agree,Strongly Agree,Agree,Agree,Agree,Neutral,Neutral,Agree,Disagree,Agree,Agree,Neutral,Agree,Strongly Agree,Strongly Agree,Strongly Agree,Disagree,Neutral,Agree,Strongly Agree,Agree,Agree,Agree,Agree,4
2026-01-21 20:53:59.388522,Yes,35-44,Metro city,Marathi,Scheduling appointments online,Monthly,Hospital's own app,Agree,Agree,Agree,Agree,Agree,Agree,Agree,Strongly Disagree,Neutral,Agree,Agree,Neutral,Agree,Agree,Strongly Agree,Strongly Agree,Agree,Agree,Disagree,Disagree,Disagree,Agree,Agree,Agree,Strongly Agree,Strongly Agree,Neutral,Agree,Agree,Agree,Agree,Agree,Agree,Disagree,Neutral,Strongly Agree,Strongly Agree,Strongly Agree,Agree,Disagree,Disagree,4
2026-01-21 21:34:11.527784,Yes,45-54,Metro city,Marathi,"Online doctor consultations (video/chat), Scheduling appointments online",Weekly,Apollo 24|7,Agree,Neutral,Agree,Strongly Agree,Strongly Agree,Strongly Agree,Strongly Agree,Neutral,Agree,Agree,Agree,Agree,Neutral,Neutral,Agree,Disagree,Neutral,Neutral,Neutral,Disagree,Disagree,Agree,Disagree,Agree,Disagree,Neutral,Neutral,Neutral,Strongly Agree,Disagree,Neutral,Strongly Disagree,Disagree,Neutral,Neutral,Agree,Agree,Neutral,Agree,Disagree,Strongly Agree,2
2026-01-21 21:47:57.697164,Yes,45-54,Metro city,Other,"Online doctor consultations (video/chat), Digital health monitoring apps (e.g. BP, fitness)",Monthly,Tata 1mg,Agree,Agree,Strongly Agree,Agree,Agree,Agree,Neutral,Agree,Strongly Agree,Agree,Strongly Agree,Agree,Agree,Agree,Strongly Agree,Disagree,Neutral,Agree,Disagree,Agree,Agree,Neutral,Neutral,Agree,Agree,Disagree,Neutral,Neutral,Strongly Agree,Agree,Neutral,Disagree,Neutral,Strongly Agree,Strongly Agree,Agree,Disagree,Disagree,Agree,Neutral,Neutral,4
2026-01-21 22:01:00.140476,Yes,35-44,Metro city,English,Viewing lab results/medical records online,A few times a year,Practo,Disagree,Agree,Neutral,Disagree,Neutral,Strongly Disagree,Disagree,Strongly Disagree,Strongly Disagree,Strongly Disagree,Strongly Disagree,Strongly Disagree,Disagree,Strongly Disagree,Strongly Disagree,Disagree,Disagree,Neutral,Disagree,Disagree,Strongly Disagree,Neutral,Disagree,Disagree,Neutral,Neutral,Neutral,Agree,Agree,Strongly Agree,Agree,Disagree,Agree,Agree,Neutral,Disagree,Disagree,Agree,Agree,Agree,Neutral,3
2026-01-21 22:07:52.307201,Yes,65 and over,Tier-2 / Tier-3 city,Marathi,"Viewing lab results/medical records online, Online doctor consultations (video/chat)",Monthly,Other,Agree,Agree,Neutral,Agree,Agree,Disagree,Agree,Agree,Neutral,Agree,Agree,Agree,Neutral,Neutral,Neutral,Strongly Disagree,Disagree,Strongly Disagree,Neutral,Agree,Neutral,Agree,Agree,Agree,Neutral,Neutral,Strongly Agree,Strongly Agree,Disagree,Neutral,Disagree,Disagree,Disagree,Agree,Agree,Disagree,Strongly Disagree,Agree,Agree,Agree,Neutral,4
2026-01-21 22:19:03.984939,Yes,25-34,Rural / semi-urban,Hindi,"Online prescription refills/pharmacy services, Online doctor consultations (video/chat), Digital health monitoring apps (e.g. BP, fitness)",A few times a year,eSanjeevani,Agree,Disagree,Disagree,Agree,Disagree,Disagree,Agree,Strongly Disagree,Strongly Agree,Strongly Disagree,Agree,Neutral,Disagree,Disagree,Strongly Disagree,Agree,Neutral,Disagree,Neutral,Strongly Agree,Agree,Strongly Agree,Neutral,Strongly Agree,Neutral,Strongly Disagree,Disagree,Neutral,Strongly Agree,Disagree,Strongly Agree,Strongly Disagree,Strongly Disagree,Strongly Agree,Neutral,Agree,Agree,Strongly Agree,Disagree,Agree,Disagree,3
2026-01-21 22:34:21.373977,Yes,35-44,Metro city,English,"Online doctor consultations (video/chat), Viewing lab results/medical records online",Monthly,Practo,Disagree,Disagree,Disagree,Disagree,Disagree,Disagree,Strongly Disagree,Disagree,Disagree,Neutral,Disagree,Neutral,Strongly Disagree,Disagree,Disagree,Neutral,Disagree,Disagree,Agree,Agree,Neutral,Agree,Agree,Neutral,Strongly Disagree,Disagree,Agree,Neutral,Strongly Agree,Neutral,Agree,Agree,Agree,Agree,Agree,Neutral,Neutral,Neutral,Agree,Agree,Agree,3
2026-01-21 22:37:00.942253,Yes,25-34,Metro city,English,None of the above,,,,,,,,,,,,,,,,,,,,,,,,,,,,,,,,,,,,,,,,,,,,
2026-01-21 22:44:53.850079,Yes,18-24,Tier-2 / Tier-3 city,English,"Viewing lab results/medical records online, Online doctor consultations (video/chat)",Weekly,Practo,Strongly Disagree,Neutral,Strongly Disagree,Neutral,Agree,Disagree,Strongly Disagree,Disagree,Disagree,Agree,Disagree,Neutral,Neutral,Disagree,Neutral,Disagree,Disagree,Disagree,Agree,Disagree,Agree,Agree,Disagree,Disagree,Neutral,Neutral,Strongly Agree,Strongly Agree,Neutral,Neutral,Neutral,Agree,Neutral,Neutral,Neutral,Strongly Disagree,Strongly Disagree,Strongly Disagree,Agree,Strongly Agree,Disagree,1
2026-01-21 22:46:39.157515,Yes,45-54,Tier-2 / Tier-3 city,English,"Online prescription refills/pharmacy services, Viewing lab results/medical records online, Online doctor consultations (video/chat)",Weekly,Apollo 24|7,Strongly Agree,Strongly Agree,Strongly Agree,Strongly Agree,Strongly Agree,Strongly Agree,Strongly Agree,Strongly Agree,Strongly Agree,Strongly Agree,Strongly Agree,Strongly Agree,Strongly Agree,Strongly Agree,Strongly Agree,Strongly Agree,Strongly Agree,Strongly Agree,Strongly Agree,Strongly Agree,Strongly Agree,Strongly Agree,Strongly Agree,Strongly Agree,Strongly Agree,Strongly Agree,Strongly Agree,Strongly Agree,Strongly Agree,Strongly Agree,Strongly Agree,Strongly Agree,Strongly Agree,Strongly Agree,Strongly Agree,Strongly Agree,Strongly Agree,Strongly Agree,Strongly Agree,Strongly Agree,Strongly Agree,5
2026-01-21 22:54:37.879326,Yes,25-34,Tier-2 / Tier-3 city,English,"Scheduling appointments online, Viewing lab results/medical records online, Online doctor consultations (video/chat), Digital health monitoring apps (e.g. BP, fitness)",A few times a year,PharmEasy,Disagree,Disagree,Neutral,Agree,Agree,Strongly Agree,Neutral,Disagree,Neutral,Neutral,Disagree,Disagree,Neutral,Disagree,Disagree,Disagree,Disagree,Neutral,Agree,Agree,Strongly Agree,Agree,Strongly Agree,Agree,Strongly Disagree,Disagree,Disagree,Disagree,Agree,Strongly Agree,Neutral,Strongly Agree,Neutral,Strongly Agree,Agree,Neutral,Disagree,Neutral,Agree,Disagree,Agree,3
2026-01-21 23:20:58.535369,Yes,35-44,Tier-2 / Tier-3 city,Other,"Online doctor consultations (video/chat), Digital health monitoring apps (e.g. BP, fitness), Online prescription refills/pharmacy services, Mental health/counselling via telehealth",Monthly,Apollo 24|7,Disagree,Disagree,Strongly Disagree,Neutral,Neutral,Neutral,Agree,Neutral,Agree,Agree,Neutral,Neutral,Agree,Disagree,Agree,Neutral,Disagree,Neutral,Agree,Strongly Agree,Strongly Agree,Agree,Strongly Agree,Agree,Strongly Agree,Agree,Neutral,Agree,Strongly Disagree,Strongly Disagree,Strongly Disagree,Agree,Neutral,Agree,Neutral,Neutral,Agree,Neutral,Agree,Neutral,Neutral,3
2026-01-21 23:23:48.215923,Yes,25-34,Metro city,Other,"Online prescription refills/pharmacy services, Online doctor consultations (video/chat), Viewing lab results/medical records online",A few times a year,Hospital's own app,Agree,Agree,Agree,Agree,Strongly Agree,Agree,Strongly Agree,Agree,Neutral,Agree,Agree,Agree,Agree,Agree,Neutral,Strongly Agree,Agree,Strongly Agree,Neutral,Neutral,Disagree,Neutral,Strongly Disagree,Agree,Agree,Neutral,Disagree,Agree,Disagree,Neutral,Neutral,Neutral,Agree,Neutral,Agree,Disagree,Neutral,Neutral,Agree,Neutral,Strongly Agree,4
2026-01-21 23:55:53.493853,Yes,18-24,Metro city,English,Online prescription refills/pharmacy services,A few times a year,Practo,Strongly Agree,Agree,Agree,Agree,Strongly Agree,Strongly Agree,Agree,Agree,Agree,Agree,Agree,Agree,Neutral,Neutral,Disagree,Neutral,Neutral,Disagree,Disagree,Agree,Agree,Strongly Agree,Neutral,Neutral,Agree,Agree,Agree,Strongly Agree,Agree,Agree,Neutral,Agree,Agree,Strongly Agree,Agree,Agree,Strongly Agree,Strongly Agree,Agree,Strongly Agree,Agree,3
2026-01-22 00:02:56.676064,Yes,18-24,Metro city,Hindi,Online doctor consultations (video/chat),A few times a year,Tata 1mg,Disagree,Disagree,Strongly Disagree,Neutral,Disagree,Neutral,Agree,Neutral,Agree,Agree,Strongly Agree,Agree,Neutral,Strongly Disagree,Disagree,Neutral,Neutral,Strongly Disagree,Strongly Disagree,Strongly Disagree,Disagree,Disagree,Disagree,Disagree,Neutral,Disagree,Strongly Agree,Strongly Agree,Agree,Agree,Neutral,Neutral,Agree,Neutral,Agree,Strongly Disagree,Disagree,Disagree,Agree,Agree,Neutral,3
2026-01-22 00:24:01.048735,Yes,25-34,Rural / semi-urban,English,Online doctor consultations (video/chat),Weekly,Tata 1mg,Disagree,Agree,Agree,Neutral,Disagree,Neutral,Disagree,Strongly Disagree,Strongly Disagree,Neutral,Agree,Disagree,Agree,Strongly Agree,Agree,Neutral,Agree,Agree,Strongly Disagree,Disagree,Disagree,Neutral,Disagree,Neutral,Neutral,Disagree,Agree,Neutral,Neutral,Neutral,Agree,Disagree,Disagree,Agree,Strongly Agree,Agree,Agree,Agree,Agree,Agree,Neutral,3
2026-01-22 00:27:58.799876,Yes,35-44,Metro city,Hindi,Viewing lab results/medical records online,A few times a year,Tata 1mg,Agree,Strongly Agree,Strongly Agree,Strongly Agree,Neutral,Strongly Agree,Neutral,Neutral,Agree,Agree,Strongly Agree,Agree,Strongly Agree,Agree,Agree,Agree,Neutral,Agree,Agree,Agree,Neutral,Agree,Neutral,Agree,Neutral,Disagree,Neutral,Neutral,Neutral,Neutral,Agree,Neutral,Agree,Strongly Agree,Agree,Neutral,Agree,Agree,Agree,Agree,Strongly Disagree,4
2026-01-22 00:32:55.193251,Yes,35-44,Metro city,English,Online doctor consultations (video/chat),Monthly,Tata 1mg,Neutral,Strongly Disagree,Disagree,Agree,Agree,Disagree,Neutral,Disagree,Strongly Disagree,Neutral,Disagree,Neutral,Disagree,Neutral,Neutral,Neutral,Neutral,Neutral,Strongly Agree,Strongly Agree,Neutral,Neutral,Strongly Agree,Agree,Neutral,Neutral,Neutral,Neutral,Neutral,Neutral,Disagree,Strongly Agree,Agree,Disagree,Agree,Neutral,Agree,Neutral,Agree,Strongly Disagree,Disagree,1
2026-01-22 00:44:05.210410,Yes,18-24,Tier-2 / Tier-3 city,Hindi,Online doctor consultations (video/chat),A few times a year,Tata 1mg,Disagree,Disagree,Disagree,Neutral,Disagree,Agree,Neutral,Strongly Agree,Neutral,Agree,Agree,Neutral,Agree,Neutral,Disagree,Agree,Agree,Agree,Neutral,Strongly Disagree,Neutral,Neutral,Disagree,Disagree,Disagree,Neutral,Strongly Agree,Agree,Neutral,Disagree,Disagree,Neutral,Neutral,Agree,Agree,Disagree,Strongly Disagree,Disagree,Agree,Neutral,Agree,2
2026-01-22 00:45:24.905866,Yes,Under 18,,,,,,,,,,,,,,,,,,,,,,,,,,,,,,,,,,,,,,,,,,,,,,,
2026-01-22 00:55:36.465401,Yes,25-34,Metro city,Hindi,"Mental health/counselling via telehealth, Scheduling appointments online, Digital health monitoring apps (e.g. BP, fitness)",Monthly,Apollo 24|7,Disagree,Agree,Neutral,Disagree,Agree,Agree,Neutral,Agree,Neutral,Agree,Strongly Agree,Agree,Agree,Agree,Strongly Agree,Agree,Strongly Agree,Strongly Agree,Neutral,Neutral,Neutral,Agree,Neutral,Strongly Disagree,Neutral,Neutral,Disagree,Strongly Disagree,Neutral,Agree,Neutral,Strongly Disagree,Disagree,Agree,Strongly Agree,Neutral,Neutral,Neutral,Agree,Neutral,Disagree,3
2026-01-22 01:32:59.675595,Yes,18-24,Rural / semi-urban,Other,"Scheduling appointments online, Online doctor consultations (video/chat), Mental health/counselling via telehealth",A few times a year,Apollo 24|7,Agree,Neutral,Agree,Neutral,Neutral,Agree,Disagree,Strongly Agree,Disagree,Disagree,Strongly Disagree,Agree,Neutral,Agree,Agree,Agree,Neutral,Neutral,Strongly Agree,Agree,Strongly Agree,Agree,Agree,Strongly Agree,Strongly Agree,Strongly Agree,Neutral,Strongly Agree,Neutral,Agree,Agree,Neutral,Disagree,Agree,Strongly Agree,Neutral,Disagree,Neutral,Agree,Agree,Disagree,3
2026-01-22 01:37:17.450107,Yes,18-24,Tier-2 / Tier-3 city,Hindi,"Online prescription refills/pharmacy services, Online doctor consultations (video/chat)",Weekly,Hospital's own app,Agree,Strongly Agree,Strongly Agree,Strongly Agree,Agree,Strongly Agree,Strongly Agree,Agree,Agree,Strongly Agree,Strongly Agree,Agree,Strongly Agree,Strongly Agree,Strongly Agree,Strongly Agree,Strongly Agree,Agree,Agree,Agree,Agree,Agree,Agree,Neutral,Agree,Agree,Disagree,Neutral,Agree,Agree,Neutral,Neutral,Neutral,Disagree,Disagree,Agree,Neutral,Strongly Agree,Agree,Agree,Disagree,5
2026-01-22 01:41:08.796318,Yes,25-34,Tier-2 / Tier-3 city,Hindi,"Mental health/counselling via telehealth, Viewing lab results/medical records online, Online prescription refills/pharmacy services",A few times a year,Apollo 24|7,Agree,Agree,Agree,Neutral,Neutral,Neutral,Agree,Agree,Agree,Strongly Disagree,Neutral,Neutral,Agree,Neutral,Neutral,Strongly Agree,Disagree,Agree,Strongly Agree,Agree,Agree,Disagree,Agree,Disagree,Agree,Neutral,Strongly Disagree,Strongly Disagree,Disagree,Neutral,Disagree,Agree,Neutral,Neutral,Neutral,Strongly Disagree,Neutral,Neutral,Agree,Strongly Disagree,Strongly Disagree,3
2026-01-22 02:02:05.272666,Yes,25-34,Rural / semi-urban,Hindi,"Online prescription refills/pharmacy services, Viewing lab results/medical records online, Online doctor consultations (video/chat), Scheduling appointments online",Monthly,Tata 1mg,Neutral,Neutral,Disagree,Strongly Agree,Agree,Agree,Strongly Disagree,Strongly Disagree,Disagree,Neutral,Neutral,Neutral,Agree,Disagree,Disagree,Disagree,Neutral,Disagree,Strongly Agree,Agree,Neutral,Strongly Agree,Neutral,Neutral,Strongly Disagree,Disagree,Agree,Agree,Agree,Neutral,Neutral,Agree,Agree,Agree,Agree,Neutral,Disagree,Neutral,Agree,Disagree,Strongly Agree,1
2026-01-22 02:25:32.174301,Yes,25-34,Tier-2 / Tier-3 city,English,"Online prescription refills/pharmacy services, Online doctor consultations (video/chat)",Monthly,PharmEasy,Agree,Disagree,Neutral,Neutral,Disagree,Agree,Agree,Strongly Agree,Strongly Agree,Disagree,Strongly Disagree,Disagree,Agree,Neutral,Strongly Agree,Neutral,Neutral,Agree,Neutral,Neutral,Agree,Agree,Neutral,Agree,Neutral,Agree,Strongly Agree,Agree,Strongly Agree,Strongly Agree,Strongly Agree,Neutral,Disagree,Agree,Agree,Agree,Strongly Agree,Agree,Agree,Agree,Neutral,4
2026-01-22 02:25:54.029626,Yes,18-24,Rural / semi-urban,Hindi,"Online doctor consultations (video/chat), Viewing lab results/medical records online",Monthly,Tata 1mg,Strongly Agree,Neutral,Agree,Strongly Agree,Agree,Neutral,Neutral,Agree,Neutral,Agree,Agree,Agree,Agree,Agree,Strongly Agree,Strongly Agree,Agree,Strongly Agree,Disagree,Strongly Disagree,Strongly Disagree,Strongly Disagree,Disagree,Disagree,Neutral,Neutral,Disagree,Agree,Neutral,Disagree,Disagree,Agree,Strongly Agree,Agree,Agree,Neutral,Agree,Strongly Agree,Agree,Agree,Disagree,4
2026-01-22 03:49:52.158873,Yes,18-24,Tier-2 / Tier-3 city,Marathi,"Online prescription refills/pharmacy services, Online doctor consultations (video/chat)",A few times a year,Practo,Agree,Agree,Agree,Agree,Disagree,Neutral,Strongly Agree,Agree,Neutral,Neutral,Strongly Agree,Strongly Agree,Agree,Neutral,Agree,Agree,Agree,Neutral,Strongly Disagree,Disagree,Disagree,Neutral,Disagree,Strongly Agree,Neutral,Agree,Agree,Neutral,Agree,Agree,Neutral,Disagree,Disagree,Neutral,Agree,Neutral,Agree,Agree,Agree,Neutral,Agree,3
2026-01-22 03:56:27.353236,Yes,45-54,Tier-2 / Tier-3 city,English,"Scheduling appointments online, Online prescription refills/pharmacy services, Online doctor consultations (video/chat)",A few times a year,Tata 1mg,Disagree,Neutral,Neutral,Agree,Disagree,Disagree,Disagree,Disagree,Disagree,Strongly Agree,Agree,Strongly Agree,Strongly Disagree,Neutral,Neutral,Neutral,Agree,Neutral,Disagree,Disagree,Neutral,Agree,Neutral,Agree,Agree,Neutral,Disagree,Agree,Disagree,Neutral,Strongly Disagree,Neutral,Agree,Neutral,Agree,Strongly Disagree,Disagree,Disagree,Agree,Agree,Disagree,2
2026-01-22 04:07:48.140897,Yes,25-34,Metro city,Marathi,"Online doctor consultations (video/chat), Viewing lab results/medical records online, Online prescription refills/pharmacy services",Daily/Almost Daily,Tata 1mg,Agree,Agree,Agree,Neutral,Agree,Neutral,Strongly Agree,Strongly Agree,Agree,Agree,Agree,Neutral,Agree,Neutral,Agree,Agree,Neutral,Agree,Strongly Agree,Strongly Agree,Agree,Agree,Strongly Agree,Strongly Agree,Strongly Agree,Strongly Agree,Neutral,Agree,Neutral,,Agree,Strongly Agree,Strongly Agree,Agree,Neutral,Agree,Agree,Agree,Agree,Agree,Neutral,5
2026-01-22 04:12:40.401477,Yes,45-54,Metro city,English,"Scheduling appointments online, Online prescription refills/pharmacy services",Monthly,Apollo 24|7,Agree,Agree,Agree,Strongly Agree,Agree,Neutral,Agree,Neutral,Strongly Agree,Neutral,Agree,Strongly Agree,Disagree,Neutral,Neutral,Agree,Agree,Agree,Neutral,Neutral,Disagree,Neutral,Neutral,Strongly Agree,Agree,Neutral,Strongly Agree,Agree,Disagree,Neutral,Agree,Agree,Strongly Agree,Strongly Disagree,Strongly Disagree,Agree,Agree,Agree,Agree,Disagree,Agree,4
2026-01-22 04:24:19.287090,Yes,45-54,Metro city,Hindi,"Online prescription refills/pharmacy services, Online doctor consultations (video/chat)",A few times a year,eSanjeevani,Agree,Strongly Agree,Agree,Agree,Agree,Agree,Disagree,Neutral,Disagree,Disagree,Disagree,Disagree,Neutral,Agree,Strongly Agree,Disagree,Disagree,Agree,Disagree,Strongly Disagree,Neutral,Disagree,Disagree,Strongly Agree,Agree,Agree,Neutral,Disagree,Neutral,Neutral,Agree,Agree,Neutral,Neutral,Agree,Neutral,Neutral,Neutral,Agree,Agree,Disagree,4
2026-01-22 04:28:03.732652,Yes,18-24,Metro city,English,"Online prescription refills/pharmacy services, Scheduling appointments online, Mental health/counselling via telehealth",A few times a year,Practo,Disagree,Disagree,Strongly Disagree,Agree,Neutral,Agree,Agree,Agree,Neutral,Neutral,Strongly Disagree,Disagree,Neutral,Neutral,Neutral,Strongly Agree,Strongly Agree,Agree,Strongly Agree,Agree,Agree,Agree,Strongly Agree,Agree,Agree,Agree,Neutral,Neutral,Agree,Agree,Neutral,Neutral,Disagree,Disagree,Disagree,Neutral,Neutral,Neutral,Agree,Agree,Disagree,3
2026-01-22 04:35:26.364347,Yes,25-34,Metro city,English,"Online prescription refills/pharmacy services, Online doctor consultations (video/chat), Digital health monitoring apps (e.g. BP, fitness)",Monthly,PharmEasy,Agree,Agree,Neutral,Agree,Disagree,Neutral,Disagree,Neutral,Neutral,Agree,Agree,Strongly Agree,Agree,Agree,Neutral,Neutral,,Disagree,Strongly Disagree,Neutral,Agree,Agree,Agree,Neutral,Neutral,Neutral,Agree,Agree,Strongly Agree,Agree,Neutral,Strongly Agree,Strongly Agree,Strongly Agree,Strongly Agree,Agree,Neutral,Disagree,Agree,Neutral,Agree,4
2026-01-22 04:52:12.045561,Yes,25-34,Tier-2 / Tier-3 city,Marathi,"Online doctor consultations (video/chat), Viewing lab results/medical records online",Monthly,Practo,Agree,Strongly Agree,Disagree,Disagree,Neutral,Agree,Neutral,Disagree,Disagree,Neutral,Neutral,Agree,Agree,Strongly Agree,Agree,Disagree,Agree,Disagree,Disagree,Strongly Disagree,Disagree,Strongly Disagree,Neutral,Disagree,Agree,Agree,Neutral,Strongly Disagree,Disagree,Neutral,Neutral,Neutral,Strongly Agree,Neutral,Disagree,Agree,Agree,Agree,Agree,Strongly Agree,Agree,2
2026-01-22 05:32:48.019936,Yes,18-24,Tier-2 / Tier-3 city,Marathi,"Viewing lab results/medical records online, Online doctor consultations (video/chat), Digital health monitoring apps (e.g. BP, fitness)",A few times a year,Practo,Disagree,,Strongly Disagree,Strongly Disagree,Strongly Disagree,Strongly Disagree,Strongly Disagree,Disagree,Strongly Disagree,Disagree,Agree,Disagree,Neutral,Disagree,Neutral,Disagree,Disagree,Disagree,Neutral,Agree,Disagree,Disagree,Disagree,Strongly Disagree,Strongly Disagree,Strongly Disagree,Strongly Agree,Strongly Agree,Neutral,Agree,Agree,Agree,Disagree,Strongly Agree,Strongly Agree,Agree,Agree,Neutral,Agree,Neutral,Neutral,1
2026-01-22 05:33:18.483850,Yes,18-24,Metro city,English,"Online prescription refills/pharmacy services, Scheduling appointments online, Online doctor consultations (video/chat)",Monthly,eSanjeevani,Disagree,Neutral,Neutral,Agree,Disagree,Neutral,Disagree,Disagree,Neutral,Strongly Disagree,Disagree,Neutral,Neutral,Neutral,Neutral,Disagree,Neutral,Disagree,Neutral,Neutral,Agree,Neutral,Agree,Neutral,Neutral,Neutral,Strongly Agree,Agree,Agree,Agree,Agree,Neutral,Agree,Neutral,Neutral,Agree,Disagree,Neutral,Agree,Disagree,Agree,3
2026-01-22 05:35:42.946137,Yes,45-54,Metro city,Hindi,"Viewing lab results/medical records online, Digital health monitoring apps (e.g. BP, fitness), Online doctor consultations (video/chat), Scheduling appointments online",A few times a year,Apollo 24|7,Strongly Agree,Strongly Agree,Agree,Agree,Neutral,Disagree,Agree,Agree,Agree,Disagree,Neutral,Agree,Neutral,Strongly Agree,Agree,Strongly Agree,Agree,Strongly Agree,Disagree,Neutral,Disagree,Strongly Agree,Agree,Agree,Agree,Agree,Strongly Disagree,Disagree,Agree,Agree,Agree,Agree,Neutral,Neutral,Neutral,Strongly Agree,Agree,Strongly Agree,Agree,Strongly Agree,Neutral,5
2026-01-22 05:47:09.193132,Yes,35-44,Tier-2 / Tier-3 city,English,"Online prescription refills/pharmacy services, Online doctor consultations (video/chat)",Monthly,Practo,Agree,Agree,Agree,Agree,Agree,Neutral,Agree,Strongly Agree,Agree,Disagree,Disagree,Neutral,Agree,Agree,Agree,Strongly Agree,Agree,Strongly Agree,Neutral,Agree,Neutral,Neutral,Neutral,Agree,Strongly Agree,Strongly Agree,Disagree,Neutral,Neutral,Strongly Agree,Agree,Neutral,Agree,Agree,Agree,Agree,Agree,Neutral,Agree,Agree,Disagree,4
2026-01-22 06:00:54.622523,Yes,18-24,Metro city,English,"Digital health monitoring apps (e.g. BP, fitness), Online doctor consultations (video/chat), Online prescription refills/pharmacy services",Daily/Almost Daily,Apollo 24|7,Neutral,Neutral,Agree,Disagree,Strongly Disagree,Disagree,Neutral,Neutral,Neutral,Agree,Disagree,Neutral,Agree,Agree,Neutral,Strongly Agree,Agree,Agree,Agree,Strongly Agree,Strongly Agree,Agree,Agree,Agree,Neutral,Disagree,Neutral,Neutral,Strongly Agree,Agree,Strongly Agree,Agree,Disagree,Disagree,Agree,Agree,Neutral,Neutral,Agree,Strongly Agree,Agree,2
2026-01-22 07:13:13.954674,Yes,35-44,Tier-2 / Tier-3 city,English,"Scheduling appointments online, Viewing lab results/medical records online",Weekly,Practo,Agree,Neutral,Agree,Agree,Agree,Agree,Agree,Strongly Agree,Strongly Agree,Neutral,Neutral,Agree,Neutral,Neutral,Neutral,Agree,Agree,Strongly Agree,Neutral,Agree,Agree,Neutral,Agree,Strongly Agree,Strongly Agree,Agree,Disagree,Disagree,Strongly Disagree,Neutral,Neutral,Agree,Agree,Agree,Neutral,Strongly Agree,Neutral,Agree,Agree,Disagree,Neutral,4
2026-01-22 07:21:51.824778,Yes,25-34,Metro city,Marathi,"Online prescription refills/pharmacy services, Viewing lab results/medical records online, Online doctor consultations (video/chat)",Monthly,Apollo 24|7,Agree,Agree,Neutral,Strongly Agree,Agree,Agree,Neutral,Neutral,Agree,Neutral,Agree,Agree,Strongly Agree,Neutral,Strongly Agree,Agree,Agree,Agree,Strongly Agree,Agree,Neutral,Neutral,Agree,Disagree,Agree,Disagree,Neutral,Strongly Disagree,Disagree,Strongly Disagree,Strongly Disagree,Strongly Disagree,Strongly Disagree,Strongly Agree,Strongly Agree,Agree,Neutral,Agree,Agree,Neutral,Agree,3
2026-01-22 08:05:07.724124,Yes,35-44,Tier-2 / Tier-3 city,Marathi,Online prescription refills/pharmacy services,Monthly,Tata 1mg,Agree,Agree,Agree,Neutral,Agree,Neutral,Neutral,Disagree,Agree,Neutral,Agree,Neutral,Neutral,Strongly Agree,Agree,Neutral,Agree,Neutral,Strongly Disagree,Strongly Disagree,Neutral,Disagree,Neutral,Strongly Agree,Agree,Neutral,Neutral,Neutral,Agree,Agree,Neutral,Agree,Agree,Disagree,Neutral,Disagree,Disagree,Disagree,Agree,Neutral,Disagree,4
2026-01-22 08:18:27.744566,Yes,18-24,Metro city,English,"Online prescription refills/pharmacy services, Viewing lab results/medical records online",A few times a year,Tata 1mg,Disagree,Disagree,Strongly Disagree,Neutral,Neutral,Agree,Disagree,Disagree,Disagree,Agree,Neutral,Strongly Agree,Disagree,Disagree,Disagree,Neutral,Disagree,Neutral,Strongly Disagree,Disagree,Strongly Disagree,Strongly Disagree,Strongly Disagree,Agree,Strongly Agree,Neutral,Disagree,Neutral,Agree,Agree,Strongly Agree,Neutral,Neutral,Agree,Agree,Neutral,Agree,Agree,Agree,Agree,Neutral,4
2026-01-22 09:01:30.745088,No,,,,,,,,,,,,,,,,,,,,,,,,,,,,,,,,,,,,,,,,,,,,,,,,
2026-01-22 09:44:13.237939,Yes,45-54,Metro city,English,Online doctor consultations (video/chat),A few times a year,PharmEasy,Agree,Agree,Strongly Agree,Agree,Strongly Agree,Agree,Strongly Agree,Agree,Agree,Agree,Agree,Agree,Strongly Agree,Strongly Agree,Strongly Agree,Strongly Agree,Strongly Agree,Strongly Agree,Strongly Agree,Agree,Neutral,Neutral,Neutral,Strongly Agree,Strongly Agree,Agree,Neutral,Neutral,Neutral,Strongly Disagree,Neutral,Agree,Neutral,Neutral,Neutral,Neutral,Neutral,Disagree,Agree,Neutral,Disagree,4
2026-01-22 09:57:11.944984,Yes,35-44,Tier-2 / Tier-3 city,Hindi,"Digital health monitoring apps (e.g. BP, fitness)",A few times a year,Tata 1mg,Strongly Agree,Agree,Strongly Agree,Agree,Strongly Agree,Neutral,Neutral,Agree,Neutral,Agree,Strongly Agree,Strongly Agree,Strongly Agree,Strongly Agree,Strongly Agree,Agree,Agree,Agree,Neutral,Strongly Agree,Agree,Strongly Agree,Agree,Strongly Agree,Strongly Agree,Strongly Agree,Neutral,Neutral,Neutral,Neutral,Agree,Neutral,Neutral,Strongly Agree,Agree,Strongly Agree,Strongly Agree,Strongly Agree,Agree,Neutral,Agree,4
2026-01-22 10:06:20.600655,Yes,18-24,Rural / semi-urban,English,"Online doctor consultations (video/chat), Online prescription refills/pharmacy services",A few times a year,Practo,Disagree,Disagree,Strongly Disagree,Agree,Neutral,Agree,Neutral,Neutral,Neutral,Agree,Strongly Agree,Strongly Agree,Agree,Agree,Neutral,Neutral,Agree,Disagree,Strongly Disagree,Strongly Disagree,Disagree,Disagree,Strongly Disagree,Agree,Agree,Neutral,Strongly Disagree,Strongly Disagree,Neutral,Neutral,Agree,Agree,Strongly Agree,Agree,Agree,Strongly Disagree,Agree,Neutral,Agree,Agree,Strongly Agree,2
2026-01-22 10:11:19.548064,Yes,45-54,Metro city,English,None of the above,,,,,,,,,,,,,,,,,,,,,,,,,,,,,,,,,,,,,,,,,,,,
2026-01-22 10:53:20.295004,Yes,25-34,Metro city,Marathi,"Mental health/counselling via telehealth, Scheduling appointments online, Online doctor consultations (video/chat)",Weekly,Practo,Neutral,Neutral,Neutral,Strongly Disagree,Disagree,Disagree,Disagree,Disagree,Neutral,Strongly Agree,Neutral,Neutral,Strongly Disagree,Strongly Disagree,Strongly Disagree,Strongly Disagree,Strongly Disagree,Strongly Disagree,Agree,Agree,Agree,Disagree,Agree,Disagree,Neutral,Agree,Agree,Agree,Neutral,Disagree,Strongly Disagree,Strongly Disagree,Disagree,Neutral,Neutral,Neutral,Agree,Disagree,Agree,Agree,Neutral,3
2026-01-22 11:21:06.876066,Yes,25-34,Metro city,Hindi,"Online doctor consultations (video/chat), Online prescription refills/pharmacy services",Daily/Almost Daily,PharmEasy,Neutral,Neutral,Neutral,Disagree,Disagree,Neutral,Agree,Agree,Agree,Disagree,Neutral,Disagree,Neutral,Disagree,Agree,Strongly Agree,Neutral,Neutral,Neutral,Neutral,Agree,Neutral,Strongly Agree,Neutral,Neutral,Neutral,Neutral,Neutral,Agree,Agree,Strongly Agree,Agree,Neutral,Neutral,Agree,Disagree,Neutral,Neutral,Agree,Agree,Neutral,3
2026-01-22 11:55:35.520243,Yes,35-44,Tier-2 / Tier-3 city,Hindi,"Viewing lab results/medical records online, Online doctor consultations (video/chat), Scheduling appointments online",A few times a year,Hospital's own app,Agree,Agree,Agree,Agree,Neutral,Strongly Disagree,Neutral,Agree,Agree,Agree,Neutral,Neutral,Strongly Disagree,Strongly Disagree,Disagree,Disagree,Strongly Disagree,Disagree,Neutral,Neutral,Neutral,Neutral,Neutral,Agree,Strongly Agree,Agree,Strongly Agree,Strongly Agree,Agree,Strongly Agree,Agree,Agree,Neutral,Agree,Agree,Strongly Agree,Strongly Agree,Agree,Agree,Neutral,Neutral,4
2026-01-22 13:20:19.592181,Yes,25-34,Metro city,English,"Digital health monitoring apps (e.g. BP, fitness), Scheduling appointments online, Online doctor consultations (video/chat), Mental health/counselling via telehealth",Weekly,Apollo 24|7,Strongly Disagree,Strongly Disagree,Disagree,Strongly Disagree,Strongly Disagree,Disagree,Neutral,Disagree,Neutral,Neutral,Neutral,Neutral,Strongly Disagree,Strongly Disagree,Strongly Disagree,Strongly Disagree,Strongly Disagree,Strongly Disagree,Agree,Strongly Disagree,Neutral,Neutral,Agree,Disagree,Strongly Disagree,Strongly Disagree,Agree,Agree,Strongly Agree,Strongly Agree,Strongly Agree,Strongly Agree,Strongly Agree,Strongly Agree,Strongly Agree,Disagree,Strongly Disagree,Disagree,Agree,Neutral,Strongly Disagree,1
2026-01-22 13:26:32.125671,Yes,35-44,Rural / semi-urban,Other,"Mental health/counselling via telehealth, Online prescription refills/pharmacy services, Digital health monitoring apps (e.g. BP, fitness), Online doctor consultations (video/chat)",Weekly,Practo,Neutral,Disagree,Disagree,Disagree,Disagree,Strongly Disagree,Strongly Disagree,Strongly Disagree,Strongly Disagree,Strongly Disagree,Disagree,Disagree,Agree,Neutral,Neutral,Agree,Strongly Agree,Strongly Agree,Neutral,Disagree,Disagree,Neutral,Neutral,Neutral,Neutral,Disagree,Strongly Agree,Agree,Agree,Disagree,Agree,Neutral,Strongly Agree,Disagree,Agree,Neutral,Disagree,Disagree,Agree,Disagree,Strongly Agree,4
2026-01-22 13:45:10.624509,Yes,25-34,Metro city,Hindi,"Online doctor consultations (video/chat), Viewing lab results/medical records online, Online prescription refills/pharmacy services",Monthly,PharmEasy,Neutral,Strongly Agree,Neutral,Disagree,Neutral,Disagree,Agree,Disagree,Disagree,Neutral,Agree,Neutral,Agree,Agree,Agree,Agree,Agree,Agree,Disagree,Agree,Neutral,Agree,Agree,Agree,Agree,Neutral,Neutral,Neutral,Neutral,Disagree,Agree,Agree,Agree,Neutral,Neutral,Strongly Agree,Agree,Strongly Agree,Agree,Strongly Disagree,Agree,3
2026-01-22 14:43:34.787816,Yes,55-64,Metro city,English,"Online prescription refills/pharmacy services, Online doctor consultations (video/chat)",A few times a year,PharmEasy,Neutral,Agree,Agree,Agree,Agree,Neutral,Agree,Agree,Agree,Neutral,Disagree,Neutral,Disagree,Agree,Strongly Agree,Strongly Agree,Agree,Agree,Neutral,Strongly Disagree,Neutral,Disagree,Disagree,Disagree,Disagree,Disagree,Neutral,Strongly Disagree,Agree,Strongly Agree,Strongly Agree,Agree,Neutral,Neutral,Neutral,Neutral,Neutral,Agree,Agree,Neutral,Disagree,3
2026-01-22 15:49:24.303914,Yes,55-64,Tier-2 / Tier-3 city,English,"Online doctor consultations (video/chat), Mental health/counselling via telehealth, Digital health monitoring apps (e.g. BP, fitness), Viewing lab results/medical records online",A few times a year,Tata 1mg,Strongly Agree,Agree,Agree,Strongly Agree,Disagree,Disagree,Neutral,Agree,Disagree,Strongly Agree,Agree,Neutral,Disagree,Neutral,Strongly Disagree,Agree,Disagree,Disagree,Disagree,Strongly Disagree,Strongly Disagree,Neutral,Agree,Agree,Neutral,Strongly Agree,Strongly Disagree,Disagree,Strongly Disagree,Strongly Disagree,Strongly Agree,Agree,Neutral,Agree,Strongly Disagree,Agree,Neutral,Disagree,Strongly Disagree,Strongly Agree,Strongly Agree,3
2026-01-22 16:55:09.628053,Yes,45-54,Metro city,Hindi,"Online doctor consultations (video/chat), Scheduling appointments online, Online prescription refills/pharmacy services",Monthly,Practo,Neutral,Strongly Agree,Agree,Disagree,Neutral,Neutral,Neutral,Disagree,Neutral,Disagree,Agree,Agree,Strongly Agree,Neutral,Agree,Agree,Disagree,Neutral,Disagree,Disagree,Strongly Disagree,Neutral,Disagree,Agree,,Disagree,Neutral,Neutral,Strongly Agree,Strongly Agree,Strongly Agree,Disagree,,Agree,Neutral,Neutral,Disagree,Neutral,Agree,Strongly Agree,Neutral,4
2026-01-22 18:46:42.621765,Yes,45-54,Metro city,English,Scheduling appointments online,A few times a year,Hospital's own app,Neutral,Neutral,Disagree,Neutral,Disagree,Agree,Agree,Disagree,Neutral,Agree,Agree,Neutral,Strongly Agree,Agree,Strongly Agree,Agree,Neutral,Agree,Agree,Agree,Agree,Strongly Agree,Neutral,Strongly Agree,Agree,Strongly Agree,Strongly Agree,Strongly Agree,Agree,Neutral,Disagree,Disagree,Strongly Disagree,Agree,Neutral,Agree,Agree,Agree,Agree,Agree,Neutral,5
2026-01-22 19:29:10.597011,Yes,18-24,Tier-2 / Tier-3 city,Hindi,"Online doctor consultations (video/chat), Scheduling appointments online, Viewing lab results/medical records online, Online prescription refills/pharmacy services",Daily/Almost Daily,Hospital's own app,Neutral,Neutral,Disagree,Disagree,Disagree,Neutral,Neutral,Agree,Disagree,Neutral,Neutral,Neutral,Agree,Agree,Neutral,Agree,Strongly Agree,Neutral,Agree,Neutral,Agree,Agree,Agree,Agree,Agree,Agree,Strongly Agree,Strongly Agree,Neutral,Agree,Agree,Strongly Agree,Neutral,Neutral,Agree,Strongly Disagree,Strongly Disagree,Disagree,Agree,Strongly Agree,Neutral,5
2026-01-22 23:32:27.272372,Yes,25-34,Metro city,English,"Online doctor consultations (video/chat), Scheduling appointments online, Online prescription refills/pharmacy services",Monthly,eSanjeevani,Agree,Agree,Agree,Disagree,Neutral,Neutral,Agree,Agree,Neutral,Agree,Neutral,Agree,Agree,Agree,Disagree,Strongly Agree,Neutral,Agree,Agree,Strongly Agree,Agree,Agree,Agree,Disagree,Disagree,Neutral,Strongly Agree,Agree,Strongly Agree,Strongly Agree,Agree,Neutral,Agree,Agree,Agree,Agree,Neutral,Strongly Agree,Agree,Agree,Strongly Agree,3
2026-01-23 03:07:48.299919,Yes,35-44,Rural / semi-urban,Marathi,None of the above,,,,,,,,,,,,,,,,,,,,,,,,,,,,,,,,,,,,,,,,,,,,
2026-01-23 06:08:22.677282,Yes,25-34,Metro city,English,Online prescription refills/pharmacy services,Monthly,PharmEasy,Disagree,Neutral,Neutral,Strongly Agree,Agree,Strongly Agree,Neutral,Strongly Disagree,Disagree,Strongly Agree,Agree,Agree,Neutral,Disagree,Agree,Neutral,Neutral,Agree,Neutral,Strongly Agree,Neutral,Agree,Agree,Disagree,Neutral,Disagree,Disagree,Neutral,Neutral,Agree,Agree,Disagree,Disagree,Agree,Strongly Agree,Disagree,Disagree,Disagree,Agree,Strongly Agree,Disagree,2
2026-01-23 08:56:16.400025,Yes,25-34,Tier-2 / Tier-3 city,Hindi,Viewing lab results/medical records online,A few times a year,Practo,Agree,Agree,Agree,Neutral,Neutral,Agree,Agree,Disagree,Disagree,Neutral,Neutral,Agree,Strongly Disagree,Strongly Disagree,Disagree,Neutral,Disagree,Strongly Disagree,Neutral,Agree,Neutral,Disagree,Neutral,Disagree,Neutral,Neutral,Agree,Disagree,Agree,Agree,Agree,Neutral,Agree,Strongly Agree,Strongly Agree,Agree,Agree,Neutral,Agree,Disagree,Agree,4
2026-01-23 09:34:55.450751,Yes,18-24,Tier-2 / Tier-3 city,Marathi,"Online doctor consultations (video/chat), Viewing lab results/medical records online",Monthly,PharmEasy,Agree,Strongly Disagree,Strongly Disagree,Agree,Neutral,Neutral,Disagree,Strongly Agree,Disagree,Strongly Disagree,Strongly Agree,Agree,Disagree,Disagree,Disagree,Agree,Strongly Disagree,Agree,Strongly Agree,Agree,Neutral,Neutral,Neutral,Strongly Disagree,Neutral,Agree,Agree,Strongly Disagree,Strongly Disagree,Agree,Agree,Strongly Agree,Disagree,Strongly Agree,Disagree,Neutral,Neutral,Strongly Agree,Strongly Agree,Neutral,Disagree,4
2026-01-23 18:22:57.626934,Yes,18-24,Rural / semi-urban,Other,"Digital health monitoring apps (e.g. BP, fitness), Scheduling appointments online",Weekly,Tata 1mg,Neutral,Neutral,Neutral,Neutral,Neutral,Neutral,Neutral,Neutral,Neutral,Neutral,Neutral,Neutral,Neutral,Neutral,Neutral,Neutral,Neutral,Neutral,Neutral,Neutral,Neutral,Neutral,Neutral,Neutral,Neutral,Neutral,Neutral,Neutral,Neutral,Neutral,Neutral,Neutral,Neutral,Neutral,Neutral,Neutral,Neutral,Neutral,Neutral,Neutral,Neutral,2
2026-01-23 19:32:57.396364,Yes,35-44,Metro city,English,"Online prescription refills/pharmacy services, Online doctor consultations (video/chat), Digital health monitoring apps (e.g. BP, fitness)",Daily/Almost Daily,Tata 1mg,Neutral,Disagree,Disagree,Agree,Agree,Neutral,Disagree,Strongly Disagree,Disagree,Strongly Agree,Agree,Agree,Disagree,Disagree,Neutral,Disagree,Strongly Disagree,Disagree,Strongly Agree,Agree,Agree,Neutral,Strongly Disagree,Disagree,Disagree,Disagree,Disagree,Neutral,Agree,Strongly Agree,Agree,Disagree,Disagree,Disagree,Neutral,Neutral,Neutral,Agree,Agree,Neutral,Agree,1
2026-01-23 20:16:54.531711,Yes,18-24,Tier-2 / Tier-3 city,Hindi,"Scheduling appointments online, Online doctor consultations (video/chat), Viewing lab results/medical records online, Digital health monitoring apps (e.g. BP, fitness)",Weekly,Hospital's own app,Disagree,Agree,Neutral,Disagree,Neutral,Neutral,Disagree,Neutral,Neutral,Disagree,Neutral,Agree,Agree,Neutral,Agree,Disagree,Disagree,Neutral,Neutral,Disagree,Disagree,Disagree,Neutral,Neutral,Disagree,Neutral,Strongly Agree,Strongly Agree,Agree,Strongly Agree,Strongly Agree,Neutral,Neutral,Neutral,Agree,Neutral,Disagree,Neutral,Agree,Agree,Agree,2
2026-01-23 21:15:52.101741,Yes,35-44,Tier-2 / Tier-3 city,Hindi,"Online doctor consultations (video/chat), Online prescription refills/pharmacy services, Viewing lab results/medical records online",Daily/Almost Daily,Practo,Agree,Neutral,Agree,Strongly Agree,Agree,Strongly Agree,Disagree,Disagree,Agree,Agree,Agree,Agree,Neutral,Agree,Neutral,Neutral,Agree,Neutral,Strongly Agree,Neutral,Agree,Disagree,Disagree,Disagree,Disagree,Disagree,Neutral,Neutral,Neutral,Agree,Strongly Agree,Agree,Agree,Neutral,Strongly Agree,Neutral,Disagree,Disagree,Agree,Disagree,Neutral,2
2026-01-23 21:25:02.620300,Yes,18-24,Tier-2 / Tier-3 city,Hindi,"Viewing lab results/medical records online, Online prescription refills/pharmacy services, Digital health monitoring apps (e.g. BP, fitness), Online doctor consultations (video/chat)",Monthly,Practo,Agree,Neutral,Agree,Neutral,Neutral,Disagree,Neutral,Neutral,Agree,Disagree,Disagree,Strongly Disagree,Neutral,Agree,Disagree,Strongly Agree,Neutral,Strongly Agree,Neutral,Neutral,Strongly Agree,Agree,Agree,Agree,Neutral,Neutral,Agree,Strongly Agree,Neutral,Agree,Agree,Neutral,Neutral,Neutral,Neutral,Agree,Neutral,Disagree,Agree,Neutral,Agree,4
2026-01-23 23:14:18.195886,Yes,25-34,Tier-2 / Tier-3 city,Hindi,Online doctor consultations (video/chat),Monthly,Tata 1mg,Disagree,Disagree,Disagree,Disagree,Strongly Disagree,Neutral,Disagree,Disagree,Strongly Disagree,Strongly Disagree,Disagree,Strongly Disagree,Disagree,Agree,Disagree,Neutral,Agree,Agree,Neutral,Strongly Disagree,Disagree,Strongly Disagree,Disagree,Disagree,Strongly Disagree,Strongly Disagree,Strongly Agree,Strongly Agree,Disagree,Neutral,Neutral,Strongly Agree,Strongly Agree,Neutral,Agree,Disagree,Agree,Neutral,Agree,Disagree,Agree,4
2026-01-23 23:34:44.823483,Yes,Under 18,,,,,,,,,,,,,,,,,,,,,,,,,,,,,,,,,,,,,,,,,,,,,,,
2026-01-24 00:33:01.176421,Yes,25-34,Tier-2 / Tier-3 city,Marathi,"Scheduling appointments online, Online prescription refills/pharmacy services",Weekly,Other,Agree,Agree,Neutral,Agree,Agree,Agree,Agree,Agree,Strongly Agree,Disagree,Agree,Agree,Agree,Strongly Agree,Strongly Agree,Neutral,Neutral,Strongly Agree,Disagree,Agree,Neutral,Strongly Disagree,Neutral,Neutral,Neutral,Neutral,Neutral,Disagree,Agree,Neutral,Neutral,Neutral,Neutral,Strongly Agree,Strongly Agree,Neutral,Strongly Disagree,Disagree,Agree,Neutral,Neutral,4
2026-01-24 00:51:48.735973,Yes,18-24,Metro city,English,"Online doctor consultations (video/chat), Viewing lab results/medical records online",Weekly,Apollo 24|7,Agree,Agree,Agree,Disagree,Disagree,Neutral,Strongly Agree,Agree,Strongly Agree,Neutral,Strongly Agree,Agree,Strongly Agree,Strongly Agree,Strongly Agree,Strongly Agree,Strongly Agree,Strongly Agree,Neutral,Neutral,Neutral,Agree,Strongly Agree,Agree,Strongly Disagree,Neutral,Neutral,Neutral,Agree,Agree,Strongly Agree,Disagree,Neutral,Neutral,Neutral,Agree,Agree,Strongly Agree,Agree,Strongly Agree,Disagree,3
2026-01-24 01:12:31.598034,Yes,25-34,Metro city,Hindi,"Online doctor consultations (video/chat), Digital health monitoring apps (e.g. BP, fitness)",Weekly,Tata 1mg,Agree,Disagree,Neutral,Agree,Neutral,Agree,Strongly Agree,Agree,Agree,Neutral,Neutral,Agree,Neutral,Strongly Agree,Neutral,Agree,Neutral,Neutral,Strongly Agree,Agree,Neutral,Strongly Agree,Strongly Agree,Neutral,Agree,Agree,Neutral,Neutral,Disagree,Strongly Disagree,Disagree,Strongly Agree,Strongly Agree,Agree,Neutral,Neutral,Agree,Agree,Agree,Agree,Disagree,3
2026-01-24 01:13:05.049686,Yes,18-24,Tier-2 / Tier-3 city,Marathi,"Online prescription refills/pharmacy services, Digital health monitoring apps (e.g. BP, fitness), Scheduling appointments online",A few times a year,Tata 1mg,Agree,Agree,Neutral,Agree,Disagree,Agree,Agree,Agree,Neutral,Disagree,Agree,Neutral,Neutral,Disagree,Disagree,Neutral,Neutral,Neutral,Neutral,Strongly Agree,Strongly Agree,Agree,Neutral,Neutral,Disagree,Neutral,Neutral,Neutral,Neutral,Agree,Disagree,Agree,Strongly Agree,Neutral,Neutral,Agree,Strongly Agree,Strongly Agree,Agree,Disagree,Strongly Agree,2
2026-01-24 02:17:51.040535,Yes,25-34,Tier-2 / Tier-3 city,Hindi,"Online doctor consultations (video/chat), Digital health monitoring apps (e.g. BP, fitness), Online prescription refills/pharmacy services",Daily/Almost Daily,Apollo 24|7,Strongly Disagree,Disagree,Disagree,Strongly Disagree,Strongly Disagree,,Disagree,Strongly Disagree,Agree,Neutral,Neutral,Disagree,Strongly Disagree,Strongly Disagree,Disagree,Disagree,Disagree,Neutral,Strongly Disagree,Disagree,Disagree,Neutral,Neutral,Strongly Disagree,Strongly Disagree,Neutral,Agree,Agree,Strongly Agree,Agree,Strongly Agree,Agree,Disagree,Neutral,Disagree,Disagree,Disagree,Disagree,Agree,Agree,Neutral,3
2026-01-24 03:05:19.168853,Yes,25-34,Tier-2 / Tier-3 city,Hindi,"Mental health/counselling via telehealth, Online doctor consultations (video/chat)",Monthly,Hospital's own app,Neutral,Agree,Neutral,Strongly Agree,Agree,Strongly Agree,Strongly Agree,Strongly Agree,Strongly Agree,Strongly Agree,Strongly Agree,Strongly Agree,Agree,Agree,Neutral,Strongly Agree,Agree,Agree,Disagree,Neutral,Agree,Disagree,Strongly Agree,Agree,Agree,Strongly Agree,Disagree,Strongly Disagree,Neutral,Agree,Disagree,Agree,Agree,Neutral,Neutral,Strongly Agree,Strongly Agree,Strongly Agree,Agree,Agree,Neutral,4
2026-01-24 03:16:41.381602,Yes,18-24,Metro city,English,"Online prescription refills/pharmacy services, Digital health monitoring apps (e.g. BP, fitness), Online doctor consultations (video/chat)",A few times a year,Practo,Neutral,Disagree,Agree,Neutral,Agree,Agree,Agree,Strongly Agree,Agree,Neutral,Neutral,Strongly Disagree,Agree,Disagree,Agree,Neutral,Disagree,Disagree,Agree,Strongly Disagree,Neutral,Agree,Neutral,Agree,Neutral,Neutral,Neutral,Neutral,Agree,Agree,Strongly Agree,Neutral,Disagree,Agree,Neutral,Strongly Disagree,Strongly Disagree,Disagree,Agree,Agree,Disagree,2
2026-01-24 03:18:25.695757,Yes,35-44,Tier-2 / Tier-3 city,Hindi,Mental health/counselling via telehealth,A few times a year,Tata 1mg,Neutral,Agree,Agree,Neutral,Neutral,Neutral,Neutral,Agree,Disagree,Agree,Agree,Neutral,Neutral,Strongly Agree,Disagree,Disagree,Agree,Neutral,Disagree,Strongly Disagree,Disagree,Strongly Disagree,Strongly Disagree,Strongly Agree,Agree,Agree,Neutral,Strongly Agree,Neutral,Agree,Neutral,Agree,Disagree,Neutral,Disagree,Agree,Strongly Agree,Strongly Agree,Agree,Agree,Strongly Agree,4
2026-01-24 04:14:12.198396,Yes,35-44,Tier-2 / Tier-3 city,Marathi,"Digital health monitoring apps (e.g. BP, fitness), Online prescription refills/pharmacy services",Monthly,Practo,,Agree,Agree,Agree,Neutral,Strongly Agree,Agree,Agree,Disagree,Agree,Disagree,Strongly Disagree,Agree,Agree,Strongly Agree,Neutral,Disagree,Neutral,Neutral,Agree,Neutral,Strongly Agree,Agree,Disagree,Neutral,Disagree,Agree,Neutral,Disagree,Strongly Disagree,Disagree,Strongly Disagree,Agree,Strongly Agree,Agree,Agree,Neutral,Agree,Agree,Agree,Disagree,3
2026-01-24 04:25:02.304675,Yes,55-64,Metro city,Hindi,None of the above,,,,,,,,,,,,,,,,,,,,,,,,,,,,,,,,,,,,,,,,,,,,
2026-01-24 04:37:14.896375,Yes,18-24,Tier-2 / Tier-3 city,Hindi,"Online doctor consultations (video/chat), Online prescription refills/pharmacy services",Weekly,PharmEasy,Agree,Strongly Agree,Agree,Strongly Agree,Agree,Strongly Agree,Neutral,Agree,Agree,Strongly Agree,Strongly Agree,Strongly Agree,Strongly Agree,Strongly Agree,Strongly Agree,Agree,Agree,Strongly Agree,Neutral,Agree,Agree,Neutral,Strongly Agree,Agree,Strongly Agree,Strongly Agree,Neutral,Strongly Disagree,Agree,Agree,Strongly Agree,Disagree,Strongly Disagree,Neutral,Neutral,Agree,Agree,Agree,Agree,Disagree,Agree,4
2026-01-24 04:40:16.628357,Yes,45-54,Rural / semi-urban,Hindi,"Scheduling appointments online, Digital health monitoring apps (e.g. BP, fitness)",Weekly,Other,Disagree,Strongly Disagree,Disagree,Disagree,Disagree,Neutral,Agree,Neutral,Agree,Agree,Neutral,Neutral,Strongly Disagree,Neutral,Neutral,Disagree,Agree,Neutral,Disagree,Agree,Neutral,Disagree,Neutral,Strongly Disagree,Disagree,Disagree,Agree,Strongly Agree,Agree,Agree,Strongly Agree,Strongly Agree,Agree,Strongly Agree,Strongly Agree,Strongly Disagree,Strongly Disagree,Strongly Disagree,Agree,Neutral,Neutral,1
2026-01-24 04:45:01.044324,Yes,18-24,Metro city,English,"Online prescription refills/pharmacy services, Viewing lab results/medical records online, Online doctor consultations (video/chat)",Weekly,Apollo 24|7,Neutral,Neutral,Disagree,Neutral,Agree,Neutral,Strongly Agree,Strongly Agree,Agree,Neutral,Agree,Disagree,Agree,Strongly Agree,Neutral,Strongly Agree,Agree,Strongly Agree,Disagree,Strongly Agree,Agree,Strongly Agree,Agree,Strongly Agree,Agree,Agree,Agree,Neutral,Disagree,Agree,Neutral,Neutral,Disagree,Disagree,Neutral,Neutral,Disagree,Agree,Agree,Disagree,Agree,3
2026-01-24 05:28:57.604121,Yes,65 and over,Metro city,English,"Online doctor consultations (video/chat), Mental health/counselling via telehealth",A few times a year,Apollo 24|7,Neutral,Neutral,Disagree,Agree,Agree,Neutral,Agree,Neutral,Agree,Disagree,Neutral,Neutral,Neutral,Strongly Agree,Neutral,Strongly Agree,Neutral,Neutral,Neutral,Strongly Disagree,Disagree,Disagree,Neutral,Neutral,Disagree,Agree,Disagree,Neutral,Agree,,Neutral,Neutral,Agree,Agree,Agree,Neutral,Neutral,Neutral,Agree,Disagree,Neutral,3
2026-01-24 05:45:24.316823,Yes,18-24,Tier-2 / Tier-3 city,English,"Online prescription refills/pharmacy services, Online doctor consultations (video/chat), Viewing lab results/medical records online",Weekly,Tata 1mg,Agree,Agree,Agree,Agree,Strongly Agree,Agree,Strongly Agree,Neutral,Agree,Agree,Neutral,Agree,Agree,Agree,,Neutral,Neutral,Neutral,Agree,Neutral,Agree,Strongly Agree,Strongly Agree,Strongly Agree,Strongly Agree,Agree,Disagree,Neutral,Agree,Agree,Agree,Disagree,Disagree,Neutral,Agree,Neutral,Agree,Strongly Agree,Agree,Disagree,Neutral,4
2026-01-24 05:47:24.317277,Yes,18-24,Rural / semi-urban,English,"Online doctor consultations (video/chat), Online prescription refills/pharmacy services, Digital health monitoring apps (e.g. BP, fitness)",Weekly,PharmEasy,Agree,Neutral,Strongly Agree,Disagree,Strongly Disagree,Neutral,Disagree,Disagree,Agree,Agree,Neutral,Agree,Strongly Agree,Strongly Agree,Strongly Agree,Strongly Agree,Neutral,Strongly Agree,Strongly Agree,Agree,Agree,Neutral,Agree,Strongly Disagree,Neutral,Neutral,Agree,Strongly Agree,Agree,Neutral,Disagree,Strongly Agree,Strongly Agree,Agree,Strongly Agree,Neutral,Agree,Strongly Agree,Agree,Neutral,Strongly Disagree,3
2026-01-24 06:02:10.517463,Yes,18-24,Tier-2 / Tier-3 city,Hindi,None of the above,,,,,,,,,,,,,,,,,,,,,,,,,,,,,,,,,,,,,,,,,,,,
2026-01-24 06:14:50.751176,Yes,45-54,Rural / semi-urban,English,Online prescription refills/pharmacy services,A few times a year,Hospital's own app,Neutral,Neutral,Neutral,Neutral,Neutral,Neutral,Neutral,Neutral,Neutral,Neutral,Neutral,Neutral,Neutral,Neutral,Neutral,Neutral,Neutral,Neutral,Neutral,Neutral,Neutral,Neutral,Neutral,Neutral,Neutral,Neutral,Neutral,Neutral,Neutral,Neutral,Neutral,Neutral,Neutral,Neutral,Neutral,Neutral,Neutral,Neutral,Neutral,Neutral,Neutral,5
2026-01-24 06:23:13.133052,Yes,25-34,Rural / semi-urban,Hindi,"Online prescription refills/pharmacy services, Viewing lab results/medical records online",Weekly,Practo,Strongly Agree,Strongly Agree,Strongly Agree,Agree,Strongly Agree,Strongly Agree,Strongly Agree,Strongly Agree,Strongly Agree,Agree,Strongly Agree,Agree,Strongly Agree,Strongly Agree,Strongly Agree,Strongly Agree,Strongly Agree,Agree,Agree,Agree,Agree,Strongly Agree,Neutral,Neutral,Neutral,Neutral,Agree,Agree,Neutral,Disagree,Neutral,Strongly Agree,Agree,Strongly Agree,Agree,Agree,Strongly Agree,Agree,Agree,Agree,Strongly Agree,4
2026-01-24 06:38:54.123231,Yes,55-64,Tier-2 / Tier-3 city,Hindi,Online doctor consultations (video/chat),Monthly,Tata 1mg,Agree,Neutral,Agree,Agree,Neutral,Neutral,Agree,Agree,Strongly Agree,Neutral,Neutral,Disagree,Neutral,Agree,Agree,Strongly Agree,Strongly Agree,Agree,Neutral,Agree,Disagree,Neutral,Neutral,Neutral,Strongly Disagree,Neutral,Neutral,Agree,Agree,Agree,Agree,Disagree,Neutral,Neutral,Neutral,Neutral,Agree,Agree,Agree,Agree,Agree,3
2026-01-24 06:44:11.552237,Yes,18-24,Tier-2 / Tier-3 city,English,"Online doctor consultations (video/chat), Scheduling appointments online, Viewing lab results/medical records online, Digital health monitoring apps (e.g. BP, fitness)",A few times a year,Tata 1mg,Strongly Agree,Strongly Agree,Strongly Agree,Agree,Agree,Neutral,Agree,Agree,Agree,Agree,Agree,Agree,Strongly Agree,Strongly Agree,Strongly Agree,Strongly Agree,Strongly Agree,Strongly Agree,Strongly Agree,Strongly Agree,Strongly Agree,Agree,Strongly Agree,Strongly Agree,Strongly Agree,Strongly Agree,Strongly Disagree,Strongly Disagree,Strongly Disagree,Strongly Disagree,Strongly Disagree,Neutral,Agree,Strongly Agree,Agree,Strongly Agree,Strongly Agree,Strongly Agree,Agree,Agree,Neutral,4
2026-01-24 08:05:53.041680,Yes,45-54,Metro city,Hindi,"Scheduling appointments online, Online doctor consultations (video/chat)",A few times a year,Hospital's own app,Strongly Agree,Neutral,Agree,Strongly Agree,Strongly Agree,Agree,Neutral,Agree,Agree,Disagree,Disagree,Agree,Agree,Agree,Agree,Strongly Agree,Strongly Agree,Strongly Agree,Neutral,Neutral,Disagree,Neutral,Disagree,Agree,Disagree,Disagree,Disagree,Disagree,Disagree,Agree,Strongly Disagree,Neutral,Agree,Disagree,Neutral,Agree,Strongly Agree,Neutral,Agree,Strongly Agree,Disagree,5
2026-01-24 09:36:45.785164,Yes,18-24,Metro city,Other,"Online doctor consultations (video/chat), Viewing lab results/medical records online, Online prescription refills/pharmacy services, Digital health monitoring apps (e.g. BP, fitness)",Monthly,Tata 1mg,Neutral,Disagree,Neutral,Strongly Agree,Agree,Strongly Agree,Agree,Strongly Agree,Agree,Agree,Agree,Agree,Disagree,Agree,Neutral,Disagree,Disagree,Agree,Agree,Disagree,Disagree,Neutral,Disagree,Neutral,Neutral,Agree,Agree,Agree,Disagree,Neutral,Disagree,Agree,Strongly Agree,Neutral,Strongly Agree,Agree,Neutral,Agree,Agree,Neutral,Agree,3
2026-01-24 09:38:06.634362,Yes,18-24,Tier-2 / Tier-3 city,English,"Online doctor consultations (video/chat), Scheduling appointments online",A few times a year,Practo,Strongly Disagree,,Strongly Disagree,Agree,Agree,Agree,Neutral,Disagree,Neutral,Disagree,Neutral,Disagree,Strongly Disagree,Disagree,Disagree,Neutral,Disagree,Neutral,Agree,Agree,Agree,Strongly Agree,Agree,Neutral,Agree,Agree,Neutral,Disagree,Agree,Agree,Strongly Agree,Neutral,Neutral,Agree,Neutral,Strongly Agree,Agree,Agree,Agree,Strongly Agree,Agree,3
2026-01-24 10:12:06.490172,Yes,25-34,Metro city,English,"Online doctor consultations (video/chat), Online prescription refills/pharmacy services",A few times a year,eSanjeevani,Disagree,Neutral,Neutral,Disagree,Disagree,Disagree,Neutral,Disagree,Disagree,Strongly Disagree,Neutral,Strongly Disagree,Strongly Disagree,Disagree,Disagree,Neutral,Disagree,Disagree,Agree,Disagree,Neutral,Neutral,Agree,Disagree,Agree,Neutral,Strongly Agree,Agree,Agree,Agree,Strongly Agree,Neutral,Agree,Agree,Neutral,Agree,Strongly Agree,Strongly Agree,Agree,Neutral,Strongly Agree,2
2026-01-24 10:38:59.038839,Yes,18-24,Metro city,English,"Online doctor consultations (video/chat), Online prescription refills/pharmacy services",A few times a year,Apollo 24|7,,Agree,Agree,Agree,Agree,Agree,Strongly Agree,Strongly Agree,Strongly Agree,Agree,Disagree,Neutral,Agree,Agree,Agree,Agree,Agree,Disagree,Disagree,Neutral,Strongly Agree,Agree,Neutral,Neutral,Agree,Disagree,Disagree,Disagree,Agree,Neutral,Agree,Agree,Strongly Agree,Agree,Neutral,Disagree,Neutral,Agree,Agree,Strongly Agree,Strongly Disagree,4
2026-01-24 10:53:20.368210,Yes,25-34,Metro city,Other,"Digital health monitoring apps (e.g. BP, fitness)",A few times a year,Apollo 24|7,Neutral,Neutral,Agree,Neutral,Neutral,Neutral,Strongly Agree,Disagree,Neutral,Disagree,Neutral,Neutral,Neutral,Strongly Agree,Strongly Agree,Strongly Agree,Strongly Agree,Strongly Agree,Agree,Strongly Agree,Neutral,Agree,Strongly Agree,Agree,Agree,Agree,Agree,Agree,Neutral,Disagree,Strongly Disagree,Agree,Neutral,Agree,Neutral,Agree,,Neutral,Agree,Agree,Neutral,4
2026-01-24 11:52:01.821508,Yes,25-34,Metro city,English,None of the above,,,,,,,,,,,,,,,,,,,,,,,,,,,,,,,,,,,,,,,,,,,,
2026-01-24 11:53:37.496597,Yes,18-24,Metro city,Marathi,"Online doctor consultations (video/chat), Viewing lab results/medical records online",Weekly,Apollo 24|7,Agree,Strongly Agree,Disagree,Strongly Agree,Agree,Strongly Agree,Strongly Agree,Neutral,Agree,Agree,Agree,Strongly Disagree,Disagree,Disagree,Disagree,Neutral,Strongly Agree,Agree,Disagree,Agree,Neutral,Strongly Disagree,Strongly Disagree,Agree,Disagree,Strongly Agree,Neutral,Neutral,Neutral,Agree,Neutral,Disagree,Agree,Neutral,Disagree,Agree,Strongly Agree,Disagree,Strongly Disagree,Agree,Disagree,4
2026-01-24 13:13:13.234863,Yes,25-34,Rural / semi-urban,Hindi,"Online doctor consultations (video/chat), Online prescription refills/pharmacy services, Digital health monitoring apps (e.g. BP, fitness), Mental health/counselling via telehealth",A few times a year,Apollo 24|7,Disagree,Neutral,Neutral,Neutral,Neutral,Neutral,Agree,Neutral,Neutral,Agree,Neutral,Agree,Disagree,Disagree,Disagree,Strongly Disagree,Neutral,Neutral,Disagree,Strongly Disagree,Strongly Agree,Neutral,Disagree,Neutral,Neutral,Agree,Agree,Agree,Neutral,Disagree,Neutral,Strongly Agree,Agree,Agree,Neutral,Neutral,Neutral,Agree,Agree,Neutral,Strongly Agree,3
2026-01-24 13:20:07.354342,Yes,18-24,Metro city,Other,"Digital health monitoring apps (e.g. BP, fitness), Online prescription refills/pharmacy services, Viewing lab results/medical records online, Online doctor consultations (video/chat)",A few times a year,Tata 1mg,Neutral,Neutral,Neutral,Agree,Strongly Agree,Disagree,Agree,Agree,Agree,Neutral,Disagree,Neutral,Strongly Disagree,Strongly Disagree,Disagree,Neutral,Agree,Agree,Agree,Strongly Agree,Strongly Agree,Agree,Strongly Agree,Agree,Strongly Agree,Agree,Agree,Agree,Strongly Disagree,Neutral,Disagree,Neutral,Strongly Agree,Agree,Neutral,Agree,Agree,Neutral,Agree,Agree,Agree,3
2026-01-24 13:27:25.642343,Yes,18-24,Tier-2 / Tier-3 city,Marathi,"Scheduling appointments online, Online prescription refills/pharmacy services",Weekly,Apollo 24|7,Disagree,Neutral,Disagree,Disagree,Agree,Agree,Strongly Agree,,Agree,Strongly Agree,Strongly Disagree,Disagree,Strongly Agree,Neutral,Neutral,Neutral,Strongly Disagree,Neutral,Disagree,Strongly Disagree,Agree,Agree,Neutral,Strongly Disagree,Neutral,Strongly Agree,Neutral,Strongly Agree,Strongly Agree,Agree,Strongly Agree,Disagree,Strongly Disagree,Agree,Agree,Agree,Neutral,Strongly Disagree,Neutral,Strongly Agree,Neutral,4
2026-01-24 14:32:13.822837,Yes,55-64,Metro city,English,Online prescription refills/pharmacy services,Weekly,Practo,Agree,Agree,Neutral,Agree,Disagree,Agree,Agree,Agree,Neutral,Neutral,Agree,Strongly Agree,Disagree,Disagree,Neutral,Agree,Agree,Agree,Agree,Agree,Neutral,Neutral,Neutral,Disagree,Neutral,Agree,Agree,Neutral,Neutral,Neutral,Agree,Strongly Agree,Agree,Agree,Strongly Agree,Agree,Neutral,Neutral,Agree,Agree,Agree,3
2026-01-24 14:42:27.341823,Yes,25-34,Tier-2 / Tier-3 city,Hindi,Online doctor consultations (video/chat),A few times a year,Hospital's own app,Disagree,Disagree,Disagree,Disagree,Neutral,Neutral,Disagree,Neutral,Neutral,Disagree,Disagree,Disagree,Strongly Disagree,Disagree,Strongly Disagree,Disagree,Disagree,Strongly Disagree,Neutral,Disagree,Disagree,Neutral,Disagree,Strongly Disagree,Disagree,Strongly Disagree,Neutral,Agree,Neutral,Neutral,Neutral,Neutral,Strongly Agree,Agree,Agree,Neutral,Neutral,Disagree,Agree,Strongly Disagree,Disagree,1
2026-01-24 17:25:29.073266,Yes,18-24,Rural / semi-urban,English,Online prescription refills/pharmacy services,A few times a year,Apollo 24|7,Agree,Agree,Agree,Agree,Agree,Agree,Strongly Agree,Agree,Strongly Agree,Agree,Agree,Agree,Disagree,Disagree,Disagree,Disagree,Neutral,Disagree,Agree,Agree,Strongly Agree,Strongly Agree,Agree,Agree,Neutral,Agree,Agree,Agree,Strongly Disagree,Strongly Disagree,Disagree,Neutral,Agree,Neutral,Agree,Disagree,Neutral,Agree,Agree,Disagree,Strongly Agree,4
2026-01-24 17:53:51.455944,Yes,35-44,Metro city,English,"Scheduling appointments online, Viewing lab results/medical records online",A few times a year,Practo,Disagree,Disagree,Neutral,Neutral,Strongly Agree,Neutral,Strongly Disagree,Neutral,Neutral,Neutral,Strongly Agree,Agree,Disagree,Disagree,Neutral,Disagree,Strongly Disagree,Strongly Disagree,Agree,Agree,Agree,Disagree,Agree,Disagree,Neutral,Neutral,Strongly Disagree,Disagree,Disagree,Agree,Neutral,Strongly Agree,Strongly Agree,Agree,Neutral,Strongly Agree,Agree,Agree,Agree,Agree,Strongly Agree,3
2026-01-24 18:02:41.231342,Yes,18-24,Metro city,English,Mental health/counselling via telehealth,Monthly,Apollo 24|7,Neutral,Agree,Neutral,Strongly Agree,Agree,Agree,Strongly Agree,Strongly Agree,Agree,Neutral,Agree,Neutral,Neutral,Disagree,Neutral,Neutral,Agree,Agree,Agree,Agree,Agree,Agree,Agree,Neutral,Neutral,Strongly Disagree,Disagree,Agree,Agree,Strongly Agree,Agree,Neutral,Agree,Agree,Agree,Agree,Neutral,Disagree,Agree,Neutral,Neutral,4
2026-01-24 20:33:11.452175,Yes,25-34,Rural / semi-urban,English,None of the above,,,,,,,,,,,,,,,,,,,,,,,,,,,,,,,,,,,,,,,,,,,,
2026-01-24 20:56:34.596725,Yes,18-24,Metro city,Marathi,"Digital health monitoring apps (e.g. BP, fitness), Online doctor consultations (video/chat), Online prescription refills/pharmacy services, Scheduling appointments online",Monthly,PharmEasy,Agree,Neutral,Agree,Disagree,Neutral,Disagree,Disagree,Neutral,Agree,Agree,Neutral,Disagree,Agree,Disagree,Neutral,Agree,Disagree,Neutral,Strongly Agree,Strongly Agree,Agree,,Agree,Neutral,Disagree,Neutral,Neutral,Agree,Agree,Agree,Agree,Agree,Neutral,Neutral,Neutral,Neutral,Neutral,Neutral,Agree,Neutral,Disagree,3
2026-01-24 20:57:07.945883,Yes,25-34,Rural / semi-urban,English,"Viewing lab results/medical records online, Online doctor consultations (video/chat), Scheduling appointments online",A few times a year,Apollo 24|7,Disagree,Disagree,Neutral,Disagree,Neutral,Neutral,Disagree,Disagree,Agree,Agree,Agree,Disagree,Neutral,Agree,Disagree,Agree,Neutral,Neutral,Strongly Agree,Agree,Agree,Agree,Neutral,Neutral,Neutral,Neutral,Strongly Agree,Strongly Agree,Disagree,Agree,Disagree,Neutral,Disagree,Agree,Agree,Agree,Agree,Agree,Agree,Disagree,Agree,3
2026-01-24 21:16:58.347558,Yes,25-34,Rural / semi-urban,Marathi,"Viewing lab results/medical records online, Online doctor consultations (video/chat)",Monthly,Apollo 24|7,Disagree,Disagree,Neutral,Agree,Agree,Neutral,Neutral,Disagree,Strongly Disagree,Disagree,Strongly Disagree,Disagree,Neutral,Neutral,Strongly Agree,Neutral,Agree,Agree,Agree,Agree,Disagree,Neutral,Disagree,Neutral,Neutral,Neutral,Disagree,Strongly Disagree,Disagree,Disagree,Disagree,Neutral,Neutral,Agree,Agree,Neutral,Neutral,Disagree,Agree,Strongly Agree,Disagree,4
2026-01-24 22:40:09.141165,Yes,18-24,Rural / semi-urban,Hindi,"Scheduling appointments online, Online doctor consultations (video/chat), Online prescription refills/pharmacy services",A few times a year,Tata 1mg,Agree,Strongly Agree,Agree,Strongly Agree,Strongly Agree,Agree,Agree,Disagree,Agree,Agree,Agree,Agree,Strongly Agree,Agree,Agree,Disagree,Agree,Agree,Neutral,Disagree,Disagree,Disagree,Neutral,Agree,Neutral,Neutral,Neutral,Neutral,Strongly Disagree,Neutral,Disagree,Strongly Disagree,Strongly Disagree,Strongly Agree,Neutral,Strongly Agree,Strongly Agree,Strongly Agree,Agree,Disagree,Neutral,4
2026-01-25 01:02:43.671785,Yes,45-54,Rural / semi-urban,Hindi,"Online prescription refills/pharmacy services, Online doctor consultations (video/chat), Viewing lab results/medical records online, Scheduling appointments online",Monthly,PharmEasy,Agree,Agree,Neutral,Neutral,Neutral,Agree,Agree,Neutral,Disagree,Agree,Agree,,Agree,Agree,Agree,Agree,Agree,Neutral,Neutral,Strongly Agree,Disagree,Neutral,Strongly Agree,Agree,Strongly Disagree,Disagree,Neutral,Neutral,Agree,Agree,Agree,Neutral,Agree,Agree,Agree,Agree,Neutral,Disagree,Agree,Neutral,Strongly Agree,4
2026-01-25 03:09:57.705748,Yes,25-34,Metro city,Marathi,"Viewing lab results/medical records online, Online prescription refills/pharmacy services",A few times a year,Other,Strongly Agree,Neutral,Strongly Agree,Strongly Agree,Agree,Disagree,Neutral,Agree,Disagree,Disagree,Neutral,Neutral,,Disagree,Neutral,Agree,Agree,Strongly Agree,Strongly Agree,Neutral,Strongly Agree,Strongly Agree,Neutral,Agree,Strongly Agree,Agree,Neutral,Disagree,Neutral,Disagree,Neutral,Neutral,Neutral,Neutral,Disagree,Agree,Agree,Agree,Agree,Strongly Disagree,Neutral,4
2026-01-25 08:56:33.509117,Yes,25-34,Tier-2 / Tier-3 city,Hindi,"Viewing lab results/medical records online, Online doctor consultations (video/chat)",A few times a year,PharmEasy,Strongly Agree,Agree,Agree,Neutral,Neutral,Neutral,Strongly Agree,Strongly Agree,Strongly Agree,Agree,Strongly Agree,Agree,Agree,Agree,Agree,Agree,Agree,Agree,Agree,Strongly Agree,Agree,Neutral,Agree,Strongly Agree,Disagree,Neutral,Disagree,Neutral,Agree,Neutral,Strongly Agree,Neutral,Strongly Agree,Strongly Disagree,Disagree,Disagree,Strongly Disagree,Disagree,Agree,Agree,Disagree,3
2026-01-25 12:28:31.103834,Yes,18-24,Metro city,English,Online doctor consultations (video/chat),Daily/Almost Daily,Apollo 24|7,Strongly Agree,Strongly Agree,Agree,Disagree,Neutral,Disagree,Agree,Agree,Disagree,Disagree,Disagree,Disagree,Neutral,Neutral,Agree,Strongly Agree,Strongly Agree,Agree,Strongly Agree,Neutral,Neutral,Agree,Agree,Neutral,Agree,Strongly Agree,Disagree,Strongly Disagree,Agree,Strongly Agree,Neutral,Strongly Agree,Neutral,Neutral,Agree,Strongly Agree,Strongly Agree,Agree,Agree,Agree,Agree,5
2026-01-25 13:13:07.853518,Yes,18-24,Metro city,Hindi,"Online doctor consultations (video/chat), Digital health monitoring apps (e.g. BP, fitness)",Daily/Almost Daily,Practo,Agree,Agree,Agree,Agree,Neutral,Agree,Neutral,Agree,Strongly Agree,Agree,Agree,Agree,Disagree,Neutral,Neutral,Disagree,Disagree,Neutral,Agree,Neutral,Neutral,Agree,Neutral,Agree,Agree,Agree,Disagree,Disagree,Strongly Agree,Strongly Agree,Strongly Agree,Agree,Agree,Neutral,Disagree,Neutral,Agree,Agree,Agree,Disagree,Strongly Disagree,4
2026-01-25 16:47:53.255489,Yes,25-34,Rural / semi-urban,Hindi,"Viewing lab results/medical records online, Scheduling appointments online, Digital health monitoring apps (e.g. BP, fitness)",A few times a year,Tata 1mg,Neutral,Neutral,Agree,Agree,Disagree,Strongly Agree,Disagree,Neutral,Disagree,Strongly Disagree,Disagree,Neutral,Strongly Agree,Neutral,Strongly Disagree,Agree,Disagree,Neutral,Strongly Disagree,Neutral,Strongly Agree,Disagree,Neutral,Neutral,Strongly Disagree,Strongly Disagree,Disagree,Strongly Agree,Disagree,Neutral,Disagree,Disagree,Disagree,Strongly Agree,Disagree,Neutral,Strongly Disagree,Disagree,Neutral,Agree,Strongly Disagree,1
2026-01-25 18:27:26.763283,Yes,18-24,Metro city,English,"Online doctor consultations (video/chat), Online prescription refills/pharmacy services",Monthly,Practo,Strongly Agree,Strongly Agree,Strongly Agree,Strongly Agree,Strongly Agree,Strongly Agree,Agree,Strongly Agree,Agree,Strongly Agree,Strongly Agree,Strongly Agree,Agree,Strongly Agree,Strongly Agree,Strongly Agree,Strongly Agree,Agree,Agree,Agree,Neutral,Agree,Agree,Strongly Agree,Strongly Agree,Strongly Agree,Strongly Disagree,Strongly Disagree,Disagree,Neutral,Agree,Agree,Agree,Agree,Agree,Strongly Agree,Strongly Agree,Strongly Agree,Agree,Strongly Agree,Neutral,5
2026-01-26 12:32:13.230147,Yes,18-24,Metro city,English,"Online doctor consultations (video/chat), Viewing lab results/medical records online",A few times a year,Apollo 24|7,Neutral,Strongly Agree,Strongly Disagree,Strongly Disagree,Neutral,Strongly Disagree,Neutral,Agree,Disagree,Strongly Disagree,Agree,Disagree,Agree,Disagree,Strongly Agree,Disagree,Strongly Agree,Strongly Agree,Neutral,Disagree,Neutral,Strongly Disagree,Disagree,Disagree,Agree,Disagree,Agree,Strongly Disagree,Strongly Agree,Disagree,Disagree,Strongly Disagree,Strongly Agree,Agree,Strongly Disagree,Agree,Strongly Disagree,Neutral,Strongly Agree,Agree,Neutral,1
2026-01-26 15:44:25.312106,Yes,25-34,Rural / semi-urban,Hindi,"Online doctor consultations (video/chat), Online prescription refills/pharmacy services, Viewing lab results/medical records online",Daily/Almost Daily,Tata 1mg,Agree,Agree,Agree,Disagree,Disagree,Disagree,Strongly Disagree,Neutral,Strongly Disagree,Neutral,Agree,Neutral,Agree,Disagree,Agree,Disagree,Neutral,Neutral,Neutral,Neutral,Neutral,Strongly Disagree,Neutral,Agree,Disagree,Neutral,Strongly Agree,Strongly Agree,Neutral,Agree,Neutral,Strongly Agree,Agree,Neutral,Neutral,Agree,Neutral,Neutral,Agree,Strongly Agree,Neutral,3
2026-01-26 17:05:04.451409,Yes,18-24,Rural / semi-urban,Marathi,None of the above,,,,,,,,,,,,,,,,,,,,,,,,,,,,,,,,,,,,,,,,,,,,
2026-01-26 17:31:00.522782,Yes,35-44,Metro city,Hindi,"Scheduling appointments online, Mental health/counselling via telehealth, Digital health monitoring apps (e.g. BP, fitness)",A few times a year,eSanjeevani,Agree,Agree,Agree,Disagree,Disagree,Agree,Agree,Agree,Agree,Agree,Disagree,Strongly Disagree,Disagree,Strongly Disagree,Neutral,Disagree,Disagree,Agree,Agree,Strongly Agree,Neutral,Strongly Agree,Neutral,Strongly Agree,Agree,Agree,Disagree,Neutral,Neutral,Neutral,Strongly Disagree,Agree,Agree,Strongly Agree,Strongly Agree,Agree,Strongly Agree,Neutral,Agree,Disagree,Neutral,5
2026-01-26 18:09:57.632086,Yes,18-24,Rural / semi-urban,English,"Online doctor consultations (video/chat), Scheduling appointments online",Monthly,Hospital's own app,Strongly Disagree,Strongly Disagree,Neutral,Neutral,Agree,Agree,Strongly Agree,Neutral,Agree,Agree,Neutral,Neutral,Disagree,Disagree,Neutral,Strongly Disagree,Strongly Disagree,Strongly Disagree,Strongly Disagree,Agree,Strongly Disagree,Neutral,Neutral,Neutral,Agree,Neutral,Agree,Agree,Strongly Agree,Strongly Agree,Agree,Disagree,Disagree,Strongly Agree,Neutral,Neutral,Agree,Neutral,Agree,Neutral,Agree,1
2026-01-26 19:05:46.516977,Yes,35-44,Tier-2 / Tier-3 city,Marathi,"Digital health monitoring apps (e.g. BP, fitness)",Weekly,Practo,Agree,Agree,Strongly Agree,Neutral,Agree,Agree,Strongly Agree,Strongly Agree,Strongly Agree,Neutral,Agree,Neutral,Strongly Disagree,Disagree,Neutral,Agree,Disagree,Agree,Agree,Agree,Agree,Disagree,Agree,Neutral,Disagree,Disagree,Agree,Agree,Neutral,Neutral,Agree,Agree,Agree,Agree,Agree,Strongly Disagree,Neutral,Disagree,Agree,Strongly Agree,Agree,3
2026-01-26 20:11:53.627806,Yes,18-24,Tier-2 / Tier-3 city,Hindi,"Online prescription refills/pharmacy services, Viewing lab results/medical records online",Monthly,Practo,Disagree,Neutral,Neutral,Neutral,Neutral,Disagree,Strongly Disagree,Strongly Disagree,Strongly Disagree,Neutral,Neutral,Neutral,Neutral,Agree,Neutral,Neutral,Agree,Disagree,Agree,Agree,Agree,Agree,Agree,Neutral,Neutral,Disagree,Disagree,Agree,Strongly Agree,Strongly Agree,Strongly Agree,Neutral,Agree,Agree,Agree,Neutral,Neutral,Agree,Agree,Strongly Disagree,Disagree,2
2026-01-26 21:56:00.961072,Yes,45-54,Metro city,Hindi,"Scheduling appointments online, Online doctor consultations (video/chat), Online prescription refills/pharmacy services",A few times a year,Tata 1mg,Disagree,Disagree,Neutral,Neutral,Strongly Agree,Strongly Agree,Strongly Disagree,Agree,Disagree,Agree,Strongly Disagree,Strongly Agree,Strongly Disagree,Strongly Disagree,Strongly Disagree,Strongly Agree,Strongly Disagree,Strongly Agree,Strongly Agree,Strongly Agree,Neutral,Strongly Agree,Agree,Strongly Disagree,Disagree,Strongly Disagree,Strongly Agree,Strongly Disagree,Strongly Agree,Agree,Strongly Agree,Strongly Disagree,Disagree,Neutral,Strongly Agree,Neutral,Strongly Disagree,Strongly Agree,Strongly Agree,Neutral,Strongly Agree,4
2026-01-26 22:47:54.468266,Yes,45-54,Metro city,English,"Digital health monitoring apps (e.g. BP, fitness), Scheduling appointments online, Viewing lab results/medical records online",A few times a year,Practo,Disagree,Strongly Disagree,Strongly Disagree,Strongly Disagree,Strongly Disagree,Strongly Disagree,Strongly Disagree,Strongly Disagree,Strongly Disagree,Neutral,Disagree,Disagree,Neutral,Strongly Disagree,Disagree,Strongly Disagree,Strongly Disagree,Strongly Disagree,Disagree,Neutral,Disagree,Neutral,Neutral,Disagree,Disagree,Disagree,Strongly Agree,Strongly Agree,Neutral,Strongly Disagree,Agree,Strongly Agree,Strongly Agree,Agree,Agree,Disagree,Disagree,Strongly Disagree,Agree,Agree,Neutral,2
2026-01-26 23:00:08.668141,Yes,25-34,Metro city,Hindi,"Online doctor consultations (video/chat), Online prescription refills/pharmacy services, Viewing lab results/medical records online",Monthly,eSanjeevani,Neutral,Strongly Agree,Neutral,Agree,Disagree,Agree,Agree,Agree,Neutral,Agree,Agree,Neutral,Disagree,Neutral,Neutral,Neutral,Disagree,Neutral,Strongly Disagree,Neutral,Disagree,Neutral,Disagree,Strongly Agree,Strongly Agree,Strongly Agree,Disagree,Neutral,Neutral,Neutral,Disagree,Agree,Disagree,Strongly Agree,Strongly Agree,Agree,Disagree,Neutral,Agree,Neutral,Strongly Disagree,4
2026-01-26 23:06:34.499554,Yes,25-34,Metro city,English,"Digital health monitoring apps (e.g. BP, fitness), Online doctor consultations (video/chat)",A few times a year,Practo,Agree,Agree,Agree,Strongly Agree,Strongly Agree,Agree,Agree,Neutral,Neutral,Neutral,Agree,Disagree,Neutral,Neutral,Neutral,Agree,Agree,Agree,Agree,Neutral,Agree,Agree,Agree,Neutral,Disagree,Disagree,Disagree,Neutral,Disagree,Agree,Neutral,Neutral,Neutral,Agree,Strongly Agree,Agree,Disagree,Neutral,Agree,Agree,Neutral,3
2026-01-27 00:18:54.606440,Yes,Under 18,,,,,,,,,,,,,,,,,,,,,,,,,,,,,,,,,,,,,,,,,,,,,,,
2026-01-27 00:32:35.194402,Yes,35-44,Metro city,Hindi,"Digital health monitoring apps (e.g. BP, fitness), Online doctor consultations (video/chat)",A few times a year,eSanjeevani,Agree,Strongly Agree,Strongly Agree,Strongly Agree,Agree,Neutral,Agree,Neutral,Neutral,Strongly Agree,Strongly Agree,Strongly Agree,Neutral,Neutral,Strongly Agree,Strongly Agree,Strongly Agree,Agree,Agree,Strongly Agree,Strongly Agree,Strongly Agree,Strongly Agree,Disagree,Agree,Agree,Agree,Agree,Neutral,Disagree,Neutral,Neutral,Strongly Agree,Agree,Agree,Neutral,Agree,Agree,Agree,Neutral,Neutral,3
2026-01-27 01:20:00.580648,Yes,25-34,Metro city,Other,"Online prescription refills/pharmacy services, Digital health monitoring apps (e.g. BP, fitness), Mental health/counselling via telehealth",Monthly,Apollo 24|7,Neutral,Neutral,Neutral,Disagree,Disagree,Neutral,Disagree,Neutral,Neutral,Disagree,Agree,Neutral,Strongly Agree,Agree,Agree,Strongly Agree,Strongly Agree,Strongly Agree,Neutral,Neutral,Agree,Strongly Agree,Neutral,Neutral,Agree,Neutral,Strongly Agree,Strongly Agree,Strongly Disagree,Disagree,Neutral,Agree,Agree,Agree,Neutral,Disagree,Disagree,Agree,Agree,Agree,Disagree,4
2026-01-27 02:47:48.202769,Yes,18-24,Metro city,Hindi,None of the above,,,,,,,,,,,,,,,,,,,,,,,,,,,,,,,,,,,,,,,,,,,,
2026-01-27 02:52:05.407910,Yes,25-34,Metro city,English,"Viewing lab results/medical records online, Online doctor consultations (video/chat), Digital health monitoring apps (e.g. BP, fitness)",A few times a year,Tata 1mg,Strongly Disagree,Disagree,Strongly Disagree,Strongly Disagree,Disagree,Strongly Disagree,Neutral,Neutral,Strongly Agree,,Neutral,Strongly Agree,Strongly Disagree,Strongly Disagree,Strongly Agree,Neutral,Strongly Disagree,Strongly Agree,Strongly Disagree,Disagree,Disagree,Neutral,Disagree,Disagree,Strongly Disagree,Strongly Disagree,Neutral,Disagree,Agree,Neutral,Strongly Disagree,Strongly Agree,Strongly Agree,Disagree,Neutral,Neutral,Disagree,Agree,Neutral,Neutral,Disagree,3
2026-01-27 03:08:39.611086,Yes,Under 18,,,,,,,,,,,,,,,,,,,,,,,,,,,,,,,,,,,,,,,,,,,,,,,
2026-01-27 05:16:00.223583,Yes,25-34,Tier-2 / Tier-3 city,Marathi,"Scheduling appointments online, Online doctor consultations (video/chat)",A few times a year,PharmEasy,Agree,Agree,Neutral,Strongly Agree,Agree,Agree,Strongly Agree,Strongly Agree,Agree,Strongly Agree,Agree,Agree,Agree,Agree,Neutral,Disagree,Disagree,Disagree,Agree,Neutral,Neutral,Strongly Agree,Disagree,Disagree,Agree,Disagree,Neutral,Neutral,Neutral,Disagree,Agree,Neutral,Disagree,Strongly Agree,Strongly Agree,Disagree,Neutral,Disagree,Agree,Neutral,Agree,3
2026-01-27 05:34:22.247644,Yes,25-34,Metro city,English,"Online doctor consultations (video/chat), Scheduling appointments online, Online prescription refills/pharmacy services",Weekly,Tata 1mg,Neutral,Agree,Disagree,Agree,Agree,Strongly Agree,Agree,Strongly Agree,Strongly Agree,Agree,Neutral,Agree,Strongly Agree,Strongly Agree,Agree,Strongly Agree,Strongly Agree,Strongly Agree,Agree,Strongly Agree,Disagree,Agree,Strongly Agree,Agree,Agree,Agree,Disagree,Strongly Disagree,Neutral,Agree,Agree,Agree,Neutral,Neutral,Disagree,Agree,Disagree,Disagree,Agree,Strongly Agree,Neutral,4
2026-01-27 06:13:08.180640,Yes,35-44,Tier-2 / Tier-3 city,Hindi,"Viewing lab results/medical records online, Digital health monitoring apps (e.g. BP, fitness), Online prescription refills/pharmacy services",Weekly,Apollo 24|7,Neutral,Neutral,Neutral,Neutral,Agree,Neutral,Disagree,Disagree,Disagree,Neutral,Neutral,Disagree,Neutral,Disagree,Disagree,Neutral,Strongly Disagree,Neutral,Neutral,Neutral,Strongly Disagree,Agree,Neutral,Agree,Neutral,Agree,Disagree,Disagree,Agree,Neutral,Strongly Disagree,Agree,Strongly Agree,Agree,Agree,Disagree,Disagree,Agree,Agree,Neutral,Agree,2
2026-01-27 07:51:22.648469,Yes,18-24,Tier-2 / Tier-3 city,Other,Scheduling appointments online,A few times a year,Tata 1mg,Agree,Strongly Agree,Strongly Agree,Agree,Strongly Agree,Agree,Agree,Neutral,Agree,Neutral,Neutral,Neutral,Strongly Agree,Strongly Agree,Strongly Agree,Agree,Strongly Agree,Agree,Neutral,,Agree,Agree,Disagree,Neutral,Neutral,Neutral,Neutral,Neutral,Disagree,Agree,Agree,Neutral,Strongly Disagree,Agree,Neutral,Neutral,Agree,Agree,Agree,Neutral,Disagree,4
2026-01-27 10:03:44.395361,Yes,18-24,Metro city,English,Online prescription refills/pharmacy services,A few times a year,Practo,Agree,Agree,Agree,Neutral,Strongly Agree,Agree,Neutral,Neutral,Neutral,Neutral,Agree,Disagree,Disagree,Disagree,Neutral,Agree,Strongly Agree,Strongly Agree,Agree,Strongly Agree,Neutral,Strongly Agree,Neutral,Strongly Agree,Agree,Strongly Agree,Agree,Strongly Agree,Agree,Neutral,Agree,Agree,Agree,Neutral,Agree,Disagree,Disagree,Neutral,Agree,Disagree,Neutral,4
2026-01-27 11:13:51.917982,Yes,18-24,Tier-2 / Tier-3 city,Hindi,"Online doctor consultations (video/chat), Scheduling appointments online",Monthly,Tata 1mg,Agree,Agree,Agree,Agree,Agree,Agree,Agree,Agree,Agree,Agree,Agree,Agree,Agree,Agree,Agree,Agree,Agree,Agree,Agree,Agree,Agree,Agree,Agree,Agree,Agree,Agree,Agree,Agree,Agree,Agree,Agree,Agree,Agree,Agree,Agree,Agree,Agree,Agree,Agree,Agree,Agree,3
2026-01-27 11:48:55.105698,Yes,18-24,Rural / semi-urban,English,"Online prescription refills/pharmacy services, Scheduling appointments online",Daily/Almost Daily,Apollo 24|7,Strongly Agree,Strongly Agree,Strongly Agree,Strongly Agree,Strongly Agree,Strongly Agree,Strongly Agree,Strongly Agree,Strongly Agree,Strongly Agree,Strongly Agree,Strongly Agree,Strongly Agree,Strongly Agree,Strongly Agree,Strongly Agree,Strongly Agree,Strongly Agree,Strongly Agree,Strongly Agree,Strongly Agree,Strongly Agree,Strongly Agree,Strongly Agree,Strongly Agree,Strongly Agree,Strongly Agree,Strongly Agree,Strongly Agree,Strongly Agree,Strongly Agree,Strongly Agree,Strongly Agree,Strongly Agree,Strongly Agree,Strongly Agree,Strongly Agree,Strongly Agree,Strongly Agree,Strongly Agree,Strongly Agree,2
2026-01-27 12:02:54.308683,Yes,55-64,Metro city,English,"Online doctor consultations (video/chat), Viewing lab results/medical records online",Daily/Almost Daily,Tata 1mg,Agree,Neutral,Disagree,Strongly Agree,Strongly Agree,Agree,Strongly Agree,Strongly Agree,Strongly Disagree,Strongly Agree,Neutral,Agree,Strongly Agree,Strongly Disagree,Neutral,Neutral,Neutral,Agree,Strongly Disagree,Strongly Disagree,Strongly Agree,Disagree,Agree,Strongly Disagree,Strongly Agree,Agree,Agree,Disagree,Disagree,Agree,Strongly Disagree,Disagree,Agree,Strongly Disagree,Strongly Agree,Strongly Disagree,Strongly Disagree,Strongly Agree,Neutral,Disagree,Disagree,3
2026-01-27 13:52:13.067834,Yes,45-54,Tier-2 / Tier-3 city,Hindi,"Online doctor consultations (video/chat), Online prescription refills/pharmacy services, Viewing lab results/medical records online",Weekly,PharmEasy,Neutral,Agree,Agree,Agree,Neutral,Disagree,Strongly Agree,Strongly Agree,Disagree,Agree,Disagree,Disagree,Strongly Disagree,Disagree,Strongly Disagree,Strongly Agree,Neutral,Agree,Agree,Neutral,Strongly Agree,Neutral,Neutral,Strongly Agree,Neutral,Strongly Agree,Agree,Neutral,Disagree,Agree,Strongly Disagree,Neutral,Agree,Agree,Agree,Agree,Strongly Agree,Agree,Agree,Agree,Neutral,3
2026-01-27 13:55:57.740933,Yes,25-34,Tier-2 / Tier-3 city,English,Viewing lab results/medical records online,Monthly,Hospital's own app,Disagree,Disagree,Disagree,Agree,Neutral,Neutral,Strongly Disagree,Disagree,Disagree,Neutral,Disagree,Neutral,Disagree,Strongly Disagree,Disagree,Neutral,Disagree,Strongly Disagree,Strongly Disagree,Neutral,Neutral,Neutral,Neutral,Disagree,Neutral,Disagree,Agree,Agree,Strongly Agree,Strongly Agree,Agree,Agree,Strongly Agree,Agree,Agree,Disagree,Disagree,Neutral,Agree,Agree,Agree,2
2026-01-27 16:21:37.622091,Yes,18-24,Metro city,English,"Scheduling appointments online, Online prescription refills/pharmacy services, Viewing lab results/medical records online, Online doctor consultations (video/chat)",Monthly,Practo,Strongly Disagree,Disagree,Disagree,Disagree,Neutral,Strongly Disagree,Neutral,Disagree,Neutral,Agree,Neutral,Agree,Disagree,Agree,Neutral,Neutral,Disagree,Neutral,Strongly Agree,Agree,Disagree,Agree,Agree,Neutral,Disagree,Disagree,Strongly Agree,Neutral,Agree,Strongly Disagree,Neutral,Agree,Agree,Agree,Strongly Agree,Strongly Disagree,Disagree,Disagree,Agree,Disagree,Neutral,3
2026-01-27 16:22:36.731043,Yes,18-24,Tier-2 / Tier-3 city,Marathi,"Online prescription refills/pharmacy services, Online doctor consultations (video/chat)",Weekly,Practo,Strongly Agree,Strongly Agree,Strongly Agree,Agree,Strongly Agree,Agree,Agree,Neutral,Neutral,Agree,Agree,Neutral,Strongly Agree,Strongly Agree,Strongly Agree,Strongly Agree,Agree,Strongly Agree,Disagree,Neutral,Agree,Disagree,Disagree,Neutral,Agree,Neutral,Disagree,Disagree,Strongly Agree,Neutral,Strongly Agree,Disagree,Neutral,Neutral,Agree,Agree,Neutral,Strongly Agree,Agree,Agree,Disagree,5
2026-01-27 19:50:20.900803,Yes,55-64,Tier-2 / Tier-3 city,Hindi,None of the above,,,,,,,,,,,,,,,,,,,,,,,,,,,,,,,,,,,,,,,,,,,,
2026-01-28 05:53:10.401633,Yes,18-24,Tier-2 / Tier-3 city,Hindi,Online doctor consultations (video/chat),Weekly,Other,Neutral,Neutral,Neutral,Neutral,Disagree,Disagree,Agree,Agree,Agree,Neutral,Strongly Agree,Strongly Agree,Agree,Disagree,Neutral,Agree,Agree,Agree,Agree,Neutral,Agree,Neutral,Agree,Neutral,Neutral,Agree,Disagree,Disagree,Agree,Neutral,Agree,Neutral,Neutral,Neutral,Disagree,Agree,Agree,Neutral,Agree,Disagree,Neutral,3
2026-01-29 16:37:11.943950,Yes,18-24,Metro city,English,Online prescription refills/pharmacy services,A few times a year,Apollo 24|7,Neutral,Agree,Agree,Strongly Disagree,Disagree,Strongly Disagree,Strongly Disagree,Strongly Disagree,Disagree,Agree,Disagree,Neutral,Agree,Agree,Agree,Neutral,Disagree,Disagree,Agree,Neutral,Disagree,Agree,Neutral,Disagree,Neutral,Neutral,Neutral,Disagree,Agree,Agree,Agree,Neutral,Agree,Agree,Agree,Neutral,Agree,Neutral,Agree,Neutral,Agree,3
2026-01-29 20:01:27.836665,Yes,35-44,Tier-2 / Tier-3 city,Marathi,"Online doctor consultations (video/chat), Digital health monitoring apps (e.g. BP, fitness), Online prescription refills/pharmacy services",A few times a year,Apollo 24|7,Neutral,Agree,Agree,Agree,Agree,Agree,Agree,Agree,Agree,Strongly Agree,Strongly Agree,Agree,Strongly Agree,Agree,Agree,Neutral,Neutral,Agree,Strongly Disagree,Disagree,Disagree,Disagree,Neutral,Disagree,Strongly Disagree,Neutral,Agree,Agree,Strongly Agree,Strongly Agree,Strongly Agree,Neutral,Agree,Agree,Agree,Neutral,Neutral,Disagree,Agree,Agree,Agree,2
2026-01-29 23:33:02.362545,Yes,18-24,Tier-2 / Tier-3 city,Hindi,Online doctor consultations (video/chat),Weekly,Tata 1mg,Strongly Agree,Agree,Strongly Agree,Agree,Agree,Neutral,Agree,Neutral,Agree,Agree,Strongly Agree,Strongly Agree,Agree,Agree,Agree,Agree,Strongly Disagree,Disagree,Neutral,Neutral,Agree,Neutral,Agree,Neutral,Agree,Agree,Strongly Agree,Strongly Agree,Neutral,Agree,Agree,Disagree,Neutral,Strongly Agree,Agree,Agree,Strongly Agree,Strongly Agree,Agree,Agree,Strongly Agree,4
2026-01-29 23:42:07.367211,Yes,25-34,Metro city,English,"Viewing lab results/medical records online, Online prescription refills/pharmacy services",Weekly,Tata 1mg,Disagree,Strongly Disagree,Strongly Disagree,Disagree,Disagree,Agree,Strongly Disagree,Strongly Disagree,Strongly Disagree,Strongly Disagree,Strongly Disagree,Strongly Disagree,Agree,Disagree,Neutral,Strongly Disagree,Neutral,Disagree,Agree,Strongly Disagree,Disagree,Neutral,Neutral,Strongly Agree,Neutral,Agree,Agree,Agree,Agree,Disagree,Strongly Disagree,Neutral,Neutral,Agree,Agree,Disagree,Neutral,Disagree,Agree,Agree,Neutral,1
2026-01-30 00:12:46.251474,Yes,25-34,Metro city,English,"Digital health monitoring apps (e.g. BP, fitness)",A few times a year,Tata 1mg,Neutral,Agree,Neutral,Neutral,Neutral,Strongly Agree,Strongly Agree,Strongly Agree,Strongly Agree,Agree,Agree,Agree,Neutral,Disagree,Disagree,Agree,Agree,Agree,Agree,Neutral,Agree,Neutral,Strongly Agree,Agree,Agree,Agree,Agree,Neutral,Neutral,Neutral,Strongly Disagree,Neutral,Strongly Agree,Agree,Neutral,Neutral,Disagree,Neutral,Agree,Disagree,Neutral,5
2026-01-30 01:09:39.835555,Yes,35-44,Rural / semi-urban,Marathi,Online prescription refills/pharmacy services,Weekly,Other,Disagree,Neutral,Disagree,Neutral,Agree,Disagree,Disagree,Neutral,Disagree,Neutral,Neutral,Disagree,Agree,Agree,Neutral,Agree,Neutral,Neutral,Disagree,Neutral,Neutral,,Disagree,Agree,Disagree,Agree,Neutral,Strongly Agree,Neutral,Strongly Disagree,Strongly Disagree,Strongly Agree,Neutral,Strongly Agree,Strongly Agree,Neutral,Neutral,Neutral,Agree,Neutral,Neutral,2
2026-01-30 01:52:17.389494,Yes,25-34,Metro city,Hindi,"Viewing lab results/medical records online, Online doctor consultations (video/chat)",Monthly,Practo,Agree,Neutral,Neutral,Strongly Agree,Strongly Agree,Agree,Agree,Disagree,Neutral,Strongly Agree,Strongly Agree,Strongly Agree,Agree,Agree,Agree,Agree,Agree,Neutral,Neutral,Neutral,Agree,Disagree,Neutral,Agree,Neutral,Agree,Disagree,Strongly Disagree,Disagree,Neutral,Neutral,Strongly Agree,Strongly Agree,Neutral,Strongly Agree,Strongly Agree,Strongly Agree,Agree,Agree,Agree,Strongly Disagree,5
2026-01-30 01:57:19.842172,Yes,35-44,Metro city,English,"Mental health/counselling via telehealth, Online prescription refills/pharmacy services",A few times a year,Practo,Neutral,Agree,Agree,Disagree,Strongly Disagree,Strongly Disagree,Agree,Disagree,Agree,Agree,Agree,Neutral,Agree,Strongly Disagree,Neutral,Disagree,Disagree,Neutral,Disagree,Disagree,Strongly Disagree,Neutral,Strongly Disagree,Neutral,Agree,Agree,Agree,Neutral,Neutral,Agree,Strongly Disagree,Strongly Agree,Neutral,Agree,Strongly Agree,Agree,Disagree,Agree,Agree,Disagree,Disagree,2
2026-01-30 02:34:09.268160,Yes,25-34,Metro city,English,Online doctor consultations (video/chat),Weekly,Practo,Disagree,Agree,Neutral,Neutral,Neutral,Neutral,Agree,Disagree,Disagree,Disagree,Agree,Agree,Neutral,Agree,Neutral,Agree,Agree,Neutral,Disagree,Neutral,Disagree,Strongly Disagree,Strongly Disagree,Strongly Disagree,Strongly Disagree,Disagree,Agree,Strongly Agree,Strongly Agree,Strongly Agree,Strongly Agree,Neutral,Neutral,Neutral,Disagree,Neutral,Neutral,Agree,Agree,Agree,Strongly Agree,2
2026-01-30 03:53:00.166542,Yes,18-24,Metro city,Marathi,"Online prescription refills/pharmacy services, Viewing lab results/medical records online",Monthly,Apollo 24|7,Agree,Neutral,Neutral,Agree,Agree,Agree,Strongly Disagree,Strongly Disagree,Disagree,Agree,Neutral,Neutral,Strongly Agree,Neutral,Strongly Agree,Disagree,Disagree,Neutral,Agree,Agree,Strongly Agree,Agree,Agree,Neutral,Neutral,Agree,Strongly Agree,Strongly Agree,Agree,Agree,Agree,Disagree,Agree,Agree,Strongly Agree,Strongly Disagree,Strongly Disagree,Strongly Disagree,Agree,Strongly Agree,Agree,4
2026-01-30 05:03:40.624632,No,,,,,,,,,,,,,,,,,,,,,,,,,,,,,,,,,,,,,,,,,,,,,,,,
2026-01-30 05:14:07.882191,Yes,35-44,Metro city,English,None of the above,,,,,,,,,,,,,,,,,,,,,,,,,,,,,,,,,,,,,,,,,,,,
2026-01-30 05:35:48.601967,Yes,18-24,Metro city,Hindi,"Viewing lab results/medical records online, Scheduling appointments online, Online doctor consultations (video/chat)",Monthly,PharmEasy,Neutral,Neutral,Disagree,Disagree,Agree,Disagree,Neutral,Neutral,Disagree,Agree,Agree,Agree,Disagree,Strongly Disagree,Disagree,Strongly Disagree,Disagree,Disagree,Neutral,Disagree,Strongly Disagree,Disagree,Strongly Disagree,Strongly Disagree,Disagree,Disagree,Strongly Agree,Strongly Agree,Agree,Strongly Agree,Strongly Agree,Neutral,Neutral,Strongly Agree,Agree,Neutral,Agree,Neutral,Agree,Strongly Agree,Neutral,2
2026-01-30 05:47:29.240787,Yes,25-34,Metro city,Hindi,None of the above,,,,,,,,,,,,,,,,,,,,,,,,,,,,,,,,,,,,,,,,,,,,
2026-01-30 05:59:19.101900,Yes,25-34,Rural / semi-urban,English,Online prescription refills/pharmacy services,Monthly,Apollo 24|7,Neutral,Neutral,Neutral,Neutral,Agree,Agree,Agree,Disagree,Disagree,Neutral,Disagree,Agree,Neutral,Neutral,Agree,Agree,Agree,Agree,Neutral,Agree,Agree,Agree,Agree,Agree,Strongly Agree,Agree,Agree,Disagree,Disagree,Disagree,Agree,Disagree,Agree,Neutral,Agree,Neutral,Strongly Agree,Strongly Agree,Agree,Agree,Disagree,3
2026-01-30 06:28:58.295614,Yes,55-64,Metro city,English,Scheduling appointments online,Weekly,Practo,Neutral,Agree,Disagree,Agree,Neutral,Agree,Neutral,Disagree,Agree,Neutral,Agree,Neutral,Neutral,Neutral,Neutral,Agree,Agree,Neutral,Disagree,Agree,Neutral,Agree,Neutral,Strongly Disagree,Neutral,Disagree,Neutral,Neutral,Neutral,Agree,Disagree,Strongly Agree,Strongly Agree,Agree,Agree,Neutral,Agree,Neutral,Agree,Neutral,Agree,3
2026-01-30 06:46:58.266339,Yes,18-24,Rural / semi-urban,English,"Scheduling appointments online, Viewing lab results/medical records online, Online doctor consultations (video/chat), Digital health monitoring apps (e.g. BP, fitness)",Monthly,Apollo 24|7,Agree,Agree,Agree,Agree,Agree,Agree,Neutral,Agree,Agree,Neutral,Neutral,Neutral,Agree,Disagree,Neutral,Neutral,Strongly Agree,Agree,Disagree,Neutral,Agree,Disagree,Neutral,Neutral,Disagree,Disagree,Disagree,Neutral,Neutral,Neutral,Neutral,Neutral,Agree,Agree,Agree,Disagree,Disagree,Neutral,Agree,Agree,Neutral,3
2026-01-30 06:59:37.342123,Yes,18-24,Metro city,Other,Online prescription refills/pharmacy services,Weekly,PharmEasy,Agree,Neutral,Agree,Disagree,Disagree,Disagree,Neutral,Neutral,Disagree,Neutral,Disagree,Disagree,Neutral,Agree,Neutral,Strongly Agree,Agree,Strongly Agree,Disagree,Agree,Disagree,Disagree,Neutral,Strongly Disagree,Neutral,Disagree,Neutral,Agree,Agree,Agree,Disagree,Agree,Agree,Neutral,Agree,Agree,Agree,Neutral,Agree,Disagree,Disagree,3
2026-01-30 07:33:04.262141,Yes,25-34,Metro city,English,"Digital health monitoring apps (e.g. BP, fitness), Viewing lab results/medical records online, Online doctor consultations (video/chat), Scheduling appointments online",Weekly,Apollo 24|7,Agree,Agree,Neutral,Neutral,Disagree,Neutral,Neutral,Neutral,Disagree,Agree,Agree,Agree,Agree,Agree,Strongly Agree,Neutral,Neutral,Neutral,Agree,Agree,Neutral,Strongly Disagree,Strongly Disagree,Strongly Disagree,Disagree,Strongly Disagree,Neutral,Agree,Disagree,Neutral,Neutral,Strongly Agree,Strongly Agree,Strongly Agree,Agree,Neutral,Disagree,Agree,Agree,Agree,Neutral,3
2026-01-30 09:34:02.734295,Yes,18-24,Tier-2 / Tier-3 city,Marathi,"Online doctor consultations (video/chat), Viewing lab results/medical records online, Scheduling appointments online",Daily/Almost Daily,Tata 1mg,Agree,Strongly Agree,Strongly Agree,Agree,Neutral,Neutral,Strongly Disagree,Neutral,Disagree,Neutral,Neutral,Neutral,Neutral,Strongly Agree,Agree,Strongly Agree,Neutral,Neutral,Strongly Agree,Strongly Agree,Agree,Strongly Agree,Agree,Agree,Agree,Neutral,Agree,Neutral,Neutral,Neutral,Agree,Agree,Neutral,Neutral,Disagree,Agree,Disagree,Agree,Agree,Strongly Agree,Disagree,4
2026-01-30 11:13:41.250478,Yes,18-24,Tier-2 / Tier-3 city,Marathi,"Online prescription refills/pharmacy services, Online doctor consultations (video/chat), Mental health/counselling via telehealth",Monthly,Practo,Agree,Strongly Agree,Agree,Strongly Agree,Disagree,Strongly Agree,Neutral,Neutral,Strongly Disagree,Strongly Disagree,Strongly Agree,Neutral,Strongly Disagree,Strongly Disagree,Disagree,Strongly Agree,Strongly Agree,Strongly Disagree,Agree,Disagree,Strongly Disagree,Strongly Agree,Neutral,Neutral,Strongly Disagree,Agree,Strongly Disagree,Strongly Disagree,Strongly Agree,Agree,Disagree,Neutral,Strongly Agree,Strongly Agree,Disagree,Strongly Disagree,Strongly Agree,Neutral,Neutral,Agree,Strongly Agree,4
2026-01-30 11:17:55.255067,Yes,45-54,Tier-2 / Tier-3 city,Marathi,Online doctor consultations (video/chat),A few times a year,Practo,Agree,Agree,Agree,Agree,Agree,Agree,Agree,Agree,Agree,Agree,Agree,Agree,Agree,Agree,Agree,Agree,Agree,Agree,Agree,Agree,Agree,Agree,Agree,Agree,Agree,Agree,Agree,Agree,Agree,Agree,Agree,Agree,Agree,Agree,Agree,Agree,Agree,Agree,Agree,Agree,Agree,5
2026-01-30 11:23:26.154086,Yes,35-44,Metro city,Hindi,"Digital health monitoring apps (e.g. BP, fitness), Online prescription refills/pharmacy services, Viewing lab results/medical records online",Weekly,Practo,Strongly Agree,Agree,Strongly Agree,Neutral,Agree,Neutral,Neutral,Strongly Agree,Strongly Agree,Disagree,Agree,Agree,Agree,Strongly Agree,Agree,Strongly Agree,Agree,Agree,Strongly Disagree,Neutral,Disagree,Neutral,Disagree,Agree,Agree,Neutral,Strongly Agree,Agree,Strongly Agree,Strongly Agree,Agree,Neutral,Agree,Agree,Agree,Strongly Agree,Neutral,Agree,Agree,Agree,Disagree,4
2026-01-30 12:02:08.381639,Yes,18-24,Tier-2 / Tier-3 city,Marathi,"Viewing lab results/medical records online, Online prescription refills/pharmacy services",A few times a year,PharmEasy,Neutral,Agree,Agree,Neutral,Agree,Neutral,Neutral,Neutral,Disagree,Disagree,Disagree,Neutral,Neutral,Neutral,Neutral,Disagree,Disagree,Disagree,Neutral,Neutral,Strongly Disagree,Neutral,Neutral,Agree,Strongly Agree,Agree,Agree,Neutral,Agree,Agree,Strongly Agree,Agree,Strongly Agree,Strongly Agree,Agree,Neutral,Neutral,Disagree,Agree,Disagree,Disagree,3
2026-01-30 12:02:22.560603,Yes,18-24,Tier-2 / Tier-3 city,Marathi,"Online prescription refills/pharmacy services, Viewing lab results/medical records online",Monthly,Tata 1mg,Neutral,Agree,Agree,Agree,Strongly Agree,Agree,Neutral,Strongly Disagree,Disagree,Strongly Agree,Agree,Agree,Neutral,Neutral,Neutral,Strongly Disagree,Disagree,Neutral,Agree,Disagree,Disagree,Disagree,Disagree,Neutral,Agree,Neutral,Neutral,Neutral,Neutral,Neutral,Neutral,Agree,Neutral,Strongly Agree,Strongly Agree,Agree,Agree,Neutral,Agree,Neutral,Strongly Agree,3
2026-01-30 12:15:13.845689,Yes,45-54,Rural / semi-urban,Hindi,"Online doctor consultations (video/chat), Mental health/counselling via telehealth",Daily/Almost Daily,Practo,Agree,Strongly Agree,Strongly Agree,Neutral,Neutral,Neutral,Agree,Strongly Agree,Agree,Agree,Neutral,Strongly Disagree,Strongly Agree,Agree,Agree,Agree,Agree,Agree,Disagree,Agree,Agree,Neutral,Disagree,Neutral,Agree,Agree,Disagree,Disagree,Strongly Disagree,Strongly Disagree,Disagree,Strongly Disagree,Strongly Disagree,Neutral,Agree,Strongly Agree,Strongly Agree,Strongly Agree,Agree,Agree,Agree,5
2026-01-30 12:47:52.884444,Yes,25-34,Rural / semi-urban,English,Online prescription refills/pharmacy services,Monthly,Apollo 24|7,Strongly Agree,Neutral,Agree,Neutral,Agree,Agree,Neutral,Neutral,Agree,Neutral,Strongly Agree,Neutral,Disagree,Agree,Strongly Agree,Strongly Agree,Neutral,Disagree,Disagree,Disagree,Neutral,Agree,Strongly Agree,Neutral,Agree,Disagree,Disagree,Neutral,Agree,Agree,Neutral,Agree,Agree,Disagree,Disagree,Agree,Agree,Disagree,Agree,Agree,Strongly Agree,4
2026-01-30 13:21:11.647574,Yes,55-64,Tier-2 / Tier-3 city,Hindi,"Online prescription refills/pharmacy services, Online doctor consultations (video/chat), Scheduling appointments online",Monthly,Apollo 24|7,Disagree,Neutral,Disagree,Strongly Agree,Agree,Agree,Agree,Neutral,Agree,Agree,Neutral,Agree,Agree,Strongly Agree,Neutral,Strongly Agree,Strongly Agree,Strongly Agree,Strongly Agree,Strongly Agree,Agree,Agree,Agree,Strongly Disagree,Neutral,Strongly Disagree,Neutral,Neutral,Agree,Agree,Agree,Agree,Neutral,Agree,Agree,Strongly Disagree,Disagree,Strongly Disagree,Agree,Neutral,Strongly Disagree,1
2026-01-30 13:22:36.364729,Yes,25-34,Tier-2 / Tier-3 city,Marathi,"Online prescription refills/pharmacy services, Online doctor consultations (video/chat)",Monthly,PharmEasy,Disagree,Neutral,Agree,Agree,Agree,Neutral,Neutral,Strongly Disagree,Neutral,Strongly Agree,Agree,Strongly Agree,Agree,Agree,Agree,Strongly Disagree,Neutral,Disagree,Disagree,Neutral,Neutral,Neutral,Neutral,Agree,Neutral,Agree,Agree,Neutral,Strongly Disagree,Strongly Disagree,Disagree,Agree,Disagree,Disagree,Agree,Strongly Agree,Agree,Agree,Agree,Agree,Strongly Agree,3
2026-01-30 13:29:13.353005,Yes,18-24,Rural / semi-urban,Hindi,"Online prescription refills/pharmacy services, Online doctor consultations (video/chat), Digital health monitoring apps (e.g. BP, fitness), Viewing lab results/medical records online",Monthly,Hospital's own app,Neutral,Neutral,Agree,Neutral,Neutral,Agree,Neutral,Strongly Agree,Agree,Disagree,Neutral,Disagree,Disagree,Agree,Strongly Agree,Strongly Agree,Strongly Agree,Strongly Agree,Neutral,Neutral,Disagree,Disagree,Neutral,Agree,Neutral,Agree,Neutral,Neutral,Agree,Agree,Neutral,Disagree,Disagree,Agree,Agree,Neutral,Disagree,Disagree,Agree,Agree,Disagree,4
2026-01-30 14:08:15.238248,Yes,18-24,Tier-2 / Tier-3 city,English,"Viewing lab results/medical records online, Online doctor consultations (video/chat), Scheduling appointments online",Monthly,Practo,Strongly Agree,Agree,Neutral,Strongly Agree,Agree,Agree,Disagree,Agree,Agree,Agree,Agree,Agree,Agree,Strongly Agree,Strongly Agree,Strongly Agree,Agree,Agree,Neutral,Agree,Agree,Neutral,Agree,Neutral,Neutral,Neutral,Agree,Agree,Strongly Agree,Agree,Agree,Neutral,Disagree,Agree,Agree,Agree,Agree,Agree,Agree,Neutral,Disagree,4
2026-01-30 14:45:05.792538,Yes,25-34,Tier-2 / Tier-3 city,Marathi,"Online prescription refills/pharmacy services, Scheduling appointments online",Monthly,Apollo 24|7,Neutral,Neutral,Agree,Neutral,Agree,Neutral,Strongly Disagree,Disagree,Neutral,Neutral,Disagree,Neutral,Disagree,Strongly Disagree,Neutral,Agree,Neutral,Neutral,Neutral,Strongly Agree,Agree,Neutral,Neutral,Strongly Disagree,Strongly Disagree,Disagree,Neutral,Neutral,Neutral,Agree,Agree,Neutral,Neutral,Strongly Agree,Strongly Agree,Strongly Disagree,Disagree,Neutral,Agree,Strongly Agree,Agree,2
2026-01-30 15:19:58.462966,Yes,25-34,Metro city,Marathi,"Online prescription refills/pharmacy services, Scheduling appointments online",Monthly,PharmEasy,Neutral,Agree,Neutral,Strongly Agree,Agree,Neutral,Neutral,Agree,Agree,Agree,Neutral,Neutral,Neutral,Neutral,Neutral,Agree,Agree,Strongly Agree,Strongly Agree,Agree,Agree,Neutral,Neutral,Strongly Agree,Strongly Agree,Agree,Neutral,Disagree,Neutral,Neutral,Neutral,Neutral,Neutral,Agree,Agree,Neutral,Agree,Disagree,Agree,Neutral,Agree,3
2026-01-30 15:24:25.339643,Yes,Under 18,,,,,,,,,,,,,,,,,,,,,,,,,,,,,,,,,,,,,,,,,,,,,,,
2026-01-30 17:10:49.443744,Yes,25-34,Tier-2 / Tier-3 city,Marathi,"Digital health monitoring apps (e.g. BP, fitness)",Monthly,Apollo 24|7,Agree,Agree,Neutral,Disagree,Neutral,Disagree,Neutral,Agree,Agree,Agree,Agree,Neutral,Agree,Neutral,Agree,Neutral,Strongly Agree,Strongly Agree,Neutral,Neutral,Neutral,Strongly Agree,Agree,Disagree,Disagree,Agree,Neutral,Agree,Strongly Agree,Neutral,Agree,Strongly Agree,Agree,Disagree,Strongly Disagree,Disagree,Neutral,Disagree,Agree,Neutral,Neutral,3
2026-01-30 19:29:24.436270,Yes,25-34,Tier-2 / Tier-3 city,Hindi,Viewing lab results/medical records online,Monthly,Tata 1mg,Disagree,Neutral,Agree,Disagree,Disagree,Neutral,Agree,Strongly Agree,Agree,Neutral,Neutral,Disagree,Strongly Disagree,Disagree,Agree,Disagree,Neutral,Neutral,Neutral,Disagree,Neutral,Neutral,Strongly Disagree,Neutral,Neutral,Neutral,Neutral,Agree,Agree,Neutral,Neutral,Agree,Strongly Agree,Disagree,Agree,Agree,Agree,Agree,Agree,Strongly Disagree,Agree,4
2026-01-31 04:21:05.268423,Yes,25-34,Metro city,English,"Digital health monitoring apps (e.g. BP, fitness), Online prescription refills/pharmacy services",Daily/Almost Daily,Tata 1mg,Agree,Strongly Agree,Strongly Agree,Strongly Agree,Strongly Agree,Strongly Agree,Agree,Strongly Agree,Strongly Agree,Agree,Strongly Agree,Neutral,Strongly Agree,Strongly Agree,Strongly Agree,Strongly Agree,Strongly Agree,Strongly Agree,Agree,Strongly Agree,Strongly Agree,Agree,Agree,Neutral,Neutral,Neutral,Disagree,Agree,Neutral,Agree,Neutral,Neutral,Agree,Strongly Disagree,Strongly Disagree,Agree,Neutral,Disagree,Agree,Disagree,Disagree,4
2026-01-31 04:44:53.718848,Yes,18-24,Metro city,Hindi,None of the above,,,,,,,,,,,,,,,,,,,,,,,,,,,,,,,,,,,,,,,,,,,,
2026-01-31 09:44:15.685106,Yes,45-54,Metro city,English,None of the above,,,,,,,,,,,,,,,,,,,,,,,,,,,,,,,,,,,,,,,,,,,,
2026-01-31 16:49:39.211358,Yes,18-24,Metro city,English,"Online doctor consultations (video/chat), Digital health monitoring apps (e.g. BP, fitness), Viewing lab results/medical records online, Scheduling appointments online",A few times a year,eSanjeevani,Disagree,Neutral,Disagree,Strongly Disagree,Neutral,Strongly Disagree,Disagree,Neutral,Agree,Neutral,Disagree,Neutral,Strongly Disagree,Disagree,Neutral,Disagree,Disagree,Disagree,Strongly Disagree,Disagree,Neutral,Neutral,Neutral,Neutral,Disagree,Neutral,Neutral,Disagree,Neutral,Disagree,Neutral,Strongly Agree,Agree,Neutral,Agree,Neutral,Neutral,Agree,Agree,Strongly Disagree,Strongly Disagree,2
2026-01-31 18:01:40.112055,Yes,35-44,Tier-2 / Tier-3 city,Hindi,"Online doctor consultations (video/chat), Viewing lab results/medical records online",Daily/Almost Daily,Hospital's own app,Disagree,Disagree,Strongly Disagree,Strongly Disagree,Neutral,Disagree,Neutral,Agree,Strongly Disagree,Agree,Agree,Strongly Agree,Neutral,Disagree,Disagree,Strongly Agree,Agree,Agree,Neutral,Disagree,Agree,Agree,Neutral,Agree,Strongly Agree,Agree,Neutral,Neutral,Agree,Agree,Neutral,Disagree,Strongly Disagree,Agree,Agree,Neutral,Neutral,Neutral,Agree,Agree,Strongly Agree,3
2026-01-31 21:25:04.912239,Yes,35-44,Rural / semi-urban,Hindi,"Viewing lab results/medical records online, Online prescription refills/pharmacy services, Online doctor consultations (video/chat)",A few times a year,Practo,Agree,Disagree,Agree,Neutral,Neutral,Agree,Disagree,Neutral,Neutral,Neutral,Disagree,Strongly Disagree,Disagree,Neutral,Neutral,Neutral,Disagree,Disagree,Agree,Neutral,Agree,Agree,Neutral,Neutral,Strongly Disagree,Disagree,Neutral,Agree,Agree,Neutral,Agree,Agree,Strongly Agree,Agree,Strongly Agree,Neutral,Neutral,Disagree,Agree,Agree,Strongly Disagree,4
2026-02-01 00:03:06.013283,Yes,45-54,Metro city,English,Online prescription refills/pharmacy services,Weekly,Apollo 24|7,Agree,Agree,Agree,Neutral,Neutral,Agree,Neutral,Neutral,Neutral,Agree,Agree,Strongly Agree,Neutral,Neutral,Agree,Neutral,Neutral,Neutral,Neutral,Neutral,Agree,Neutral,Disagree,Agree,Agree,Disagree,Strongly Agree,Strongly Agree,Neutral,Agree,Agree,Strongly Agree,Agree,Neutral,Agree,Strongly Agree,Strongly Agree,Strongly Agree,Agree,Neutral,Neutral,3
2026-02-01 00:04:58.353314,Yes,18-24,Tier-2 / Tier-3 city,English,"Online prescription refills/pharmacy services, Online doctor consultations (video/chat), Viewing lab results/medical records online",Weekly,Apollo 24|7,Neutral,Neutral,Neutral,Neutral,Agree,Neutral,Disagree,Neutral,Neutral,Strongly Disagree,Strongly Disagree,Strongly Disagree,Agree,Neutral,Neutral,Neutral,Strongly Disagree,Neutral,Disagree,Disagree,Agree,Disagree,Disagree,Disagree,Disagree,Strongly Disagree,Agree,Strongly Agree,Agree,Neutral,Agree,Neutral,Neutral,Strongly Disagree,Strongly Disagree,Neutral,Agree,Neutral,Agree,Disagree,Neutral,2
2026-02-01 00:43:03.940582,Yes,45-54,Metro city,English,"Online doctor consultations (video/chat), Scheduling appointments online, Digital health monitoring apps (e.g. BP, fitness), Mental health/counselling via telehealth",Daily/Almost Daily,Practo,Agree,Strongly Agree,Agree,Agree,Agree,Agree,Neutral,Agree,Strongly Disagree,Agree,Agree,Agree,Agree,Agree,Agree,Strongly Agree,Strongly Agree,Strongly Agree,Neutral,Neutral,Agree,Agree,Agree,Strongly Agree,Strongly Agree,Agree,Strongly Disagree,Strongly Disagree,Strongly Agree,Agree,Neutral,Agree,Agree,Strongly Disagree,Strongly Disagree,Strongly Agree,Agree,Strongly Agree,Agree,Neutral,Agree,5
2026-02-01 00:47:36.632876,Yes,18-24,Tier-2 / Tier-3 city,Marathi,Viewing lab results/medical records online,Monthly,Hospital's own app,Disagree,Disagree,Disagree,Neutral,Neutral,Disagree,Neutral,Agree,Agree,Strongly Agree,Strongly Agree,Agree,Disagree,Agree,Disagree,Agree,Agree,Disagree,Strongly Agree,Strongly Agree,Strongly Agree,Strongly Agree,Agree,Agree,Agree,Agree,Strongly Agree,Agree,Disagree,Strongly Disagree,Strongly Disagree,Agree,Disagree,Agree,Agree,Agree,Agree,Agree,Agree,Strongly Agree,Agree,4
2026-02-01 00:54:02.519460,Yes,25-34,Metro city,English,Online prescription refills/pharmacy services,A few times a year,PharmEasy,Agree,Agree,Neutral,Agree,Neutral,Strongly Agree,Strongly Agree,Neutral,Neutral,Neutral,Agree,Agree,Agree,Agree,Strongly Agree,Agree,Neutral,Agree,Agree,Neutral,Neutral,Neutral,Disagree,Agree,Agree,Neutral,Disagree,Disagree,Disagree,Neutral,Disagree,Disagree,Neutral,Disagree,Agree,Agree,Agree,Neutral,Agree,Agree,Agree,3
2026-02-01 01:07:51.565099,Yes,18-24,Tier-2 / Tier-3 city,Marathi,"Online doctor consultations (video/chat), Online prescription refills/pharmacy services",Weekly,Practo,Disagree,Strongly Disagree,Strongly Disagree,Disagree,Disagree,Neutral,Neutral,Neutral,Disagree,Neutral,Agree,Agree,Disagree,Disagree,Neutral,Neutral,Neutral,Disagree,Neutral,Disagree,Agree,Neutral,Neutral,Agree,Strongly Agree,Neutral,Strongly Agree,Strongly Agree,Strongly Agree,Neutral,Agree,Neutral,Agree,Strongly Disagree,Disagree,Agree,Neutral,Neutral,Agree,Strongly Disagree,Agree,3
2026-02-01 01:36:03.479833,Yes,25-34,Metro city,English,"Online doctor consultations (video/chat), Scheduling appointments online, Online prescription refills/pharmacy services",Weekly,Apollo 24|7,Neutral,Disagree,Neutral,Agree,Strongly Agree,Agree,Agree,Neutral,Agree,Disagree,Disagree,Strongly Agree,Disagree,Disagree,Disagree,Disagree,Strongly Disagree,Strongly Disagree,Agree,Neutral,Neutral,Neutral,Neutral,Strongly Agree,Neutral,Agree,Neutral,Disagree,Agree,Agree,Agree,Neutral,Agree,,Agree,Neutral,Agree,Disagree,Agree,Agree,Agree,3
2026-02-01 01:50:59.331990,Yes,18-24,Tier-2 / Tier-3 city,Hindi,"Online prescription refills/pharmacy services, Digital health monitoring apps (e.g. BP, fitness)",A few times a year,Apollo 24|7,Strongly Agree,Strongly Agree,Strongly Agree,Strongly Agree,Strongly Agree,Strongly Agree,Strongly Agree,Strongly Agree,Strongly Agree,Strongly Agree,Strongly Agree,Strongly Agree,Strongly Agree,Strongly Agree,Strongly Agree,Strongly Agree,Strongly Agree,Strongly Agree,Strongly Agree,Strongly Agree,Strongly Agree,Strongly Agree,Strongly Agree,Strongly Agree,Strongly Agree,Strongly Agree,Strongly Agree,Strongly Agree,Strongly Agree,Strongly Agree,Strongly Agree,Strongly Agree,Strongly Agree,Strongly Agree,Strongly Agree,,Strongly Agree,Strongly Agree,Strongly Agree,Strongly Agree,Strongly Agree,4
2026-02-01 02:13:09.067963,Yes,55-64,Metro city,English,"Online doctor consultations (video/chat), Viewing lab results/medical records online",Monthly,Tata 1mg,Strongly Agree,Agree,Strongly Agree,Strongly Agree,Strongly Agree,Agree,Strongly Agree,Strongly Agree,Strongly Agree,Agree,Neutral,Neutral,Agree,Neutral,Agree,Agree,Strongly Agree,Agree,Strongly Agree,Neutral,Disagree,Agree,Neutral,Strongly Agree,Strongly Agree,Agree,Agree,Neutral,Agree,Agree,Neutral,Strongly Agree,Neutral,Strongly Agree,Strongly Agree,Agree,Agree,Disagree,Agree,Neutral,Neutral,5
2026-02-01 02:26:53.456895,Yes,Under 18,,,,,,,,,,,,,,,,,,,,,,,,,,,,,,,,,,,,,,,,,,,,,,,
2026-02-01 02:44:12.442761,Yes,25-34,Tier-2 / Tier-3 city,Hindi,Online prescription refills/pharmacy services,Weekly,Apollo 24|7,Disagree,Disagree,Disagree,Neutral,Disagree,Neutral,Neutral,Neutral,Neutral,Neutral,Neutral,Neutral,Agree,Agree,Neutral,Agree,Neutral,Strongly Agree,Agree,Agree,Agree,Strongly Agree,Strongly Agree,Neutral,Agree,Agree,Strongly Agree,Agree,Agree,Agree,Strongly Agree,Disagree,Strongly Agree,Strongly Agree,Strongly Agree,Disagree,Neutral,Disagree,Agree,Agree,Agree,2
2026-02-01 02:48:53.410457,Yes,45-54,Tier-2 / Tier-3 city,Marathi,Online doctor consultations (video/chat),Monthly,Hospital's own app,Agree,Strongly Agree,Neutral,Agree,Strongly Agree,Agree,Neutral,Neutral,Agree,Neutral,Agree,Agree,Agree,Neutral,Agree,Agree,Agree,Agree,Agree,Strongly Agree,Strongly Agree,Neutral,Strongly Agree,Agree,Agree,Agree,Agree,Neutral,Disagree,Disagree,Neutral,Disagree,Neutral,Strongly Agree,Neutral,Strongly Agree,Strongly Agree,Strongly Agree,Agree,Strongly Agree,Strongly Agree,4
2026-02-01 03:36:19.930299,No,,,,,,,,,,,,,,,,,,,,,,,,,,,,,,,,,,,,,,,,,,,,,,,,
2026-02-01 03:43:10.919151,Yes,25-34,Tier-2 / Tier-3 city,English,Online prescription refills/pharmacy services,Monthly,Other,Agree,Neutral,Neutral,Agree,Agree,Agree,Agree,Agree,Strongly Agree,Agree,Neutral,Disagree,Agree,Agree,Neutral,Agree,Agree,Agree,Neutral,Agree,,Neutral,Neutral,Agree,Disagree,Disagree,Neutral,Agree,Agree,Agree,Strongly Agree,Disagree,Agree,Agree,Neutral,Strongly Agree,Strongly Agree,Agree,Agree,Neutral,Neutral,3
2026-02-01 04:12:39.830294,Yes,25-34,Metro city,English,None of the above,,,,,,,,,,,,,,,,,,,,,,,,,,,,,,,,,,,,,,,,,,,,
2026-02-01 04:38:44.509944,Yes,35-44,Metro city,English,"Online doctor consultations (video/chat), Viewing lab results/medical records online, Online prescription refills/pharmacy services, Scheduling appointments online",A few times a year,PharmEasy,Neutral,Neutral,Neutral,Neutral,Agree,Strongly Agree,Disagree,Disagree,Disagree,Neutral,Disagree,Strongly Disagree,Neutral,Agree,Disagree,Agree,Agree,Strongly Agree,Agree,Agree,Agree,Agree,Agree,Strongly Disagree,Neutral,Disagree,Disagree,Disagree,Neutral,Agree,Strongly Agree,Disagree,Neutral,Neutral,Agree,Neutral,Agree,Neutral,Agree,Neutral,Strongly Disagree,3
2026-02-01 05:25:51.592802,Yes,35-44,Metro city,English,"Online doctor consultations (video/chat), Digital health monitoring apps (e.g. BP, fitness)",A few times a year,PharmEasy,Strongly Agree,Agree,Strongly Agree,Strongly Agree,Agree,Agree,Agree,Agree,Strongly Agree,Agree,Agree,Strongly Agree,Agree,Neutral,Neutral,Agree,Agree,Neutral,Agree,Agree,Agree,Agree,Agree,Agree,Agree,Agree,Agree,Neutral,Strongly Agree,Strongly Agree,Agree,Disagree,Strongly Agree,,Strongly Disagree,Agree,Agree,Strongly Agree,Agree,Agree,Strongly Agree,4
2026-02-01 05:35:34.550906,Yes,35-44,Tier-2 / Tier-3 city,Other,"Online prescription refills/pharmacy services, Mental health/counselling via telehealth, Viewing lab results/medical records online, Online doctor consultations (video/chat)",Weekly,Apollo 24|7,Disagree,Neutral,Disagree,Agree,Agree,Agree,Disagree,Disagree,Neutral,Disagree,Disagree,Neutral,Agree,Neutral,Strongly Agree,Neutral,Agree,Agree,Disagree,Agree,Neutral,Agree,Neutral,Disagree,Neutral,Strongly Disagree,Neutral,Neutral,Disagree,Strongly Disagree,Disagree,Agree,Neutral,Neutral,Neutral,Agree,Neutral,Agree,Agree,Disagree,Strongly Agree,2
2026-02-01 05:38:32.316520,Yes,35-44,Tier-2 / Tier-3 city,Hindi,"Scheduling appointments online, Online doctor consultations (video/chat), Online prescription refills/pharmacy services",A few times a year,Hospital's own app,Strongly Agree,Agree,Strongly Agree,Agree,Agree,Neutral,Disagree,Neutral,Neutral,Strongly Agree,Agree,Agree,Agree,Strongly Agree,Strongly Agree,Neutral,Agree,Agree,Neutral,Disagree,Strongly Disagree,Neutral,Agree,Neutral,Agree,Agree,Neutral,Disagree,Strongly Agree,Agree,Agree,Agree,Strongly Disagree,Agree,Agree,Neutral,Agree,Neutral,Agree,Neutral,Agree,2
2026-02-01 05:49:03.778996,Yes,25-34,Rural / semi-urban,Marathi,"Scheduling appointments online, Online doctor consultations (video/chat)",Monthly,Practo,Strongly Agree,Neutral,Strongly Agree,Strongly Agree,Agree,Agree,Disagree,Disagree,Agree,Agree,Agree,Agree,Disagree,Neutral,Neutral,Strongly Agree,Agree,Agree,Disagree,Disagree,Agree,Agree,Strongly Disagree,Neutral,Agree,Agree,Agree,Agree,Neutral,Disagree,Strongly Disagree,Neutral,Disagree,Agree,Agree,Strongly Agree,Strongly Agree,Strongly Agree,Agree,Agree,Strongly Agree,4
2026-02-01 06:08:40.268122,Yes,18-24,Tier-2 / Tier-3 city,Hindi,Online doctor consultations (video/chat),Monthly,eSanjeevani,Neutral,Neutral,Neutral,Agree,Agree,Neutral,Agree,Agree,Agree,Neutral,Agree,Disagree,Agree,Neutral,Neutral,Neutral,Disagree,Disagree,Disagree,Strongly Disagree,Strongly Disagree,Agree,Neutral,Neutral,Agree,Neutral,Neutral,Disagree,Strongly Agree,Strongly Agree,Agree,Strongly Disagree,Strongly Disagree,Neutral,Neutral,Neutral,Neutral,Agree,Agree,Strongly Agree,Agree,3
2026-02-01 07:17:40.174736,Yes,18-24,Rural / semi-urban,Marathi,"Digital health monitoring apps (e.g. BP, fitness), Online doctor consultations (video/chat), Scheduling appointments online, Online prescription refills/pharmacy services",Monthly,Apollo 24|7,Neutral,Strongly Disagree,Strongly Disagree,Strongly Disagree,Strongly Disagree,Strongly Disagree,Neutral,Disagree,Disagree,Strongly Disagree,Neutral,Neutral,Disagree,Disagree,Disagree,Disagree,Neutral,Disagree,Neutral,Neutral,Agree,Strongly Disagree,Disagree,Agree,Agree,Agree,Agree,Agree,Agree,Agree,Strongly Agree,Neutral,Strongly Agree,Strongly Agree,Strongly Agree,Neutral,Agree,Agree,Agree,Neutral,Neutral,2
2026-02-01 08:22:25.552035,Yes,18-24,Rural / semi-urban,Hindi,"Online prescription refills/pharmacy services, Online doctor consultations (video/chat), Viewing lab results/medical records online",A few times a year,Apollo 24|7,Neutral,Agree,Agree,Agree,Agree,Agree,Neutral,Agree,Agree,Neutral,Agree,Agree,Neutral,Neutral,Agree,Neutral,Agree,Agree,Strongly Agree,Agree,Neutral,Disagree,Agree,Agree,Agree,Neutral,Neutral,Disagree,Neutral,Strongly Disagree,Neutral,Agree,Neutral,Neutral,Agree,Strongly Agree,Strongly Agree,Strongly Agree,Agree,Neutral,Neutral,3
2026-02-01 08:22:26.151791,Yes,45-54,Metro city,English,"Scheduling appointments online, Online prescription refills/pharmacy services, Viewing lab results/medical records online",A few times a year,Apollo 24|7,Neutral,Neutral,Neutral,Strongly Agree,Strongly Agree,Strongly Agree,Neutral,Neutral,Agree,Disagree,Disagree,Strongly Disagree,Agree,Agree,Neutral,Neutral,Neutral,Agree,Neutral,Disagree,Disagree,Agree,Disagree,Neutral,Neutral,Agree,Strongly Agree,Agree,Neutral,Disagree,Agree,Neutral,Neutral,Neutral,Neutral,Agree,Agree,Agree,Agree,Agree,Strongly Disagree,2
2026-02-01 08:55:53.374072,Yes,18-24,Tier-2 / Tier-3 city,Hindi,"Online doctor consultations (video/chat), Online prescription refills/pharmacy services",A few times a year,Tata 1mg,Agree,Agree,Neutral,Neutral,Disagree,Disagree,Strongly Disagree,Agree,Neutral,Strongly Disagree,Strongly Disagree,Strongly Disagree,Agree,Neutral,Neutral,Agree,Disagree,Disagree,Agree,Agree,Disagree,Neutral,Neutral,Disagree,Agree,Agree,Agree,Neutral,Agree,Agree,Strongly Disagree,Strongly Agree,Agree,Neutral,Disagree,Agree,Agree,Strongly Agree,Agree,Neutral,Agree,3
2026-02-01 09:17:37.688907,Yes,45-54,Rural / semi-urban,Marathi,"Online prescription refills/pharmacy services, Viewing lab results/medical records online",Weekly,Apollo 24|7,Neutral,Neutral,Neutral,Agree,Agree,Agree,Disagree,Disagree,Disagree,Neutral,Neutral,Neutral,Strongly Disagree,Disagree,Disagree,Disagree,Disagree,Strongly Disagree,Disagree,Agree,Strongly Disagree,Agree,Neutral,Agree,Strongly Agree,Strongly Agree,Neutral,Agree,Agree,Neutral,Neutral,Disagree,Neutral,Strongly Agree,Agree,Agree,Disagree,Agree,Agree,Agree,Agree,4
2026-02-01 10:05:33.950853,Yes,18-24,Metro city,English,"Scheduling appointments online, Online prescription refills/pharmacy services, Viewing lab results/medical records online, Digital health monitoring apps (e.g. BP, fitness)",Monthly,Hospital's own app,Disagree,Neutral,Disagree,Strongly Agree,Agree,Neutral,Agree,Agree,Strongly Agree,Agree,Agree,Strongly Agree,Agree,Disagree,Agree,Neutral,Agree,Agree,Strongly Agree,Disagree,Disagree,Neutral,Neutral,Agree,Neutral,Agree,Neutral,Neutral,Neutral,Neutral,Neutral,Agree,Strongly Agree,Agree,Agree,Agree,Agree,Agree,Agree,Agree,Strongly Agree,3
2026-02-01 10:33:54.575299,No,,,,,,,,,,,,,,,,,,,,,,,,,,,,,,,,,,,,,,,,,,,,,,,,
2026-02-01 10:45:54.633659,Yes,18-24,Rural / semi-urban,Hindi,"Online doctor consultations (video/chat), Digital health monitoring apps (e.g. BP, fitness)",Daily/Almost Daily,Other,Neutral,Agree,Strongly Agree,Strongly Agree,Neutral,Agree,Neutral,Agree,Agree,,Neutral,Strongly Agree,Agree,Neutral,Agree,Neutral,Neutral,Disagree,Agree,Disagree,Agree,Neutral,Agree,Agree,Agree,Neutral,Neutral,Agree,Neutral,Neutral,Agree,Agree,Agree,Agree,Neutral,Strongly Agree,Agree,Agree,Agree,Disagree,Agree,5
2026-02-01 11:48:13.308566,Yes,18-24,Metro city,English,Online prescription refills/pharmacy services,Monthly,PharmEasy,Neutral,Disagree,Disagree,Disagree,Disagree,Disagree,Neutral,Neutral,Disagree,Neutral,Agree,Neutral,Disagree,Neutral,Strongly Disagree,Disagree,Disagree,Neutral,Neutral,Agree,Strongly Disagree,Neutral,Neutral,Neutral,Disagree,Strongly Disagree,,Agree,Strongly Agree,Neutral,Strongly Agree,Agree,Neutral,Neutral,Neutral,Neutral,Strongly Agree,Agree,Agree,Disagree,Neutral,1
2026-02-01 12:13:36.186585,Yes,18-24,Tier-2 / Tier-3 city,English,None of the above,,,,,,,,,,,,,,,,,,,,,,,,,,,,,,,,,,,,,,,,,,,,
2026-02-01 13:22:57.884384,Yes,25-34,Rural / semi-urban,Hindi,"Online prescription refills/pharmacy services, Scheduling appointments online, Online doctor consultations (video/chat), Viewing lab results/medical records online",Monthly,Apollo 24|7,Agree,Strongly Disagree,Strongly Disagree,Strongly Disagree,Strongly Agree,Strongly Disagree,Agree,Agree,Neutral,Strongly Agree,Disagree,Strongly Disagree,Agree,Agree,Agree,Disagree,Strongly Agree,Disagree,Strongly Disagree,Disagree,Strongly Agree,Strongly Agree,Strongly Agree,Disagree,Agree,Strongly Agree,Neutral,Strongly Agree,Agree,Strongly Disagree,Neutral,Strongly Agree,Strongly Agree,Agree,Neutral,Disagree,Disagree,Neutral,Strongly Disagree,Strongly Agree,Strongly Disagree,3
2026-02-01 15:17:30.638735,Yes,35-44,Tier-2 / Tier-3 city,Hindi,"Viewing lab results/medical records online, Online doctor consultations (video/chat)",Monthly,Apollo 24|7,Strongly Agree,Strongly Agree,Strongly Agree,Strongly Agree,Strongly Agree,Strongly Agree,Strongly Agree,Strongly Agree,Strongly Agree,Strongly Agree,Strongly Agree,Strongly Agree,Strongly Agree,Agree,Agree,Agree,Strongly Agree,Strongly Agree,Agree,Agree,Disagree,Neutral,Strongly Disagree,Strongly Agree,Strongly Agree,Strongly Agree,Disagree,Neutral,Neutral,Neutral,Strongly Agree,Disagree,Disagree,Strongly Agree,Disagree,Neutral,Agree,Strongly Agree,Agree,Agree,Neutral,5
2026-02-01 16:11:35.130778,Yes,25-34,Tier-2 / Tier-3 city,English,"Online doctor consultations (video/chat), Scheduling appointments online, Online prescription refills/pharmacy services, Viewing lab results/medical records online",A few times a year,Apollo 24|7,Strongly Disagree,Disagree,Neutral,Neutral,Neutral,Agree,Strongly Agree,Strongly Agree,Agree,Agree,Disagree,Neutral,Strongly Disagree,Neutral,Strongly Disagree,Disagree,Strongly Disagree,Disagree,Agree,Neutral,Disagree,Neutral,Agree,Disagree,Disagree,Agree,Agree,Strongly Agree,Agree,Strongly Agree,Agree,Neutral,Neutral,Neutral,Neutral,Neutral,Disagree,Neutral,Agree,Strongly Agree,Agree,1
2026-02-01 17:54:26.880843,Yes,25-34,Metro city,Hindi,"Digital health monitoring apps (e.g. BP, fitness), Online doctor consultations (video/chat), Online prescription refills/pharmacy services",Monthly,Apollo 24|7,Disagree,Neutral,Neutral,Agree,Agree,Strongly Disagree,Agree,Neutral,Neutral,Neutral,Neutral,Agree,Disagree,Neutral,Strongly Disagree,Disagree,Disagree,Neutral,Strongly Agree,Strongly Agree,Strongly Agree,Neutral,Agree,Agree,Neutral,Agree,Agree,Disagree,Agree,Strongly Agree,Agree,Disagree,Strongly Agree,Neutral,Agree,Agree,Neutral,Neutral,Agree,Strongly Agree,Strongly Disagree,3
2026-02-01 18:28:30.243940,No,,,,,,,,,,,,,,,,,,,,,,,,,,,,,,,,,,,,,,,,,,,,,,,,
2026-02-01 18:46:00.882937,Yes,18-24,Metro city,English,"Mental health/counselling via telehealth, Online doctor consultations (video/chat)",A few times a year,Practo,Disagree,Neutral,Strongly Disagree,Neutral,Disagree,Disagree,Strongly Disagree,Disagree,Neutral,Neutral,Agree,Disagree,Disagree,Disagree,Neutral,Neutral,Neutral,Neutral,Neutral,Strongly Agree,Agree,Agree,Neutral,Disagree,Disagree,Neutral,Neutral,Neutral,Agree,Agree,Agree,Agree,Agree,Strongly Agree,Strongly Agree,Disagree,Disagree,Disagree,Agree,Strongly Agree,Neutral,2
2026-02-01 19:14:33.074436,Yes,25-34,Tier-2 / Tier-3 city,Marathi,"Online doctor consultations (video/chat), Scheduling appointments online, Viewing lab results/medical records online",Weekly,PharmEasy,Disagree,Neutral,Disagree,Agree,Agree,Agree,Neutral,Agree,Disagree,Disagree,Disagree,Neutral,Strongly Disagree,Disagree,Neutral,Disagree,Disagree,Disagree,Agree,Agree,Disagree,Strongly Agree,Disagree,Strongly Disagree,Disagree,Strongly Disagree,Neutral,Neutral,Strongly Agree,Agree,Agree,Neutral,Agree,Disagree,Neutral,Disagree,Disagree,Disagree,Agree,Agree,Neutral,2
2026-02-01 20:47:10.984638,Yes,65 and over,Metro city,English,"Online doctor consultations (video/chat), Viewing lab results/medical records online, Online prescription refills/pharmacy services",A few times a year,Hospital's own app,Neutral,Agree,Agree,Neutral,Neutral,Neutral,Agree,Agree,Agree,Neutral,Agree,Disagree,Disagree,Disagree,Strongly Disagree,Neutral,Neutral,Agree,Neutral,Neutral,Agree,Strongly Agree,Disagree,Neutral,Neutral,Neutral,Disagree,Agree,Agree,Agree,Strongly Agree,Agree,Agree,Disagree,Disagree,Strongly Agree,Agree,Strongly Agree,Agree,Disagree,Strongly Agree,3
2026-02-01 22:35:35.287540,Yes,25-34,Tier-2 / Tier-3 city,Other,"Viewing lab results/medical records online, Online prescription refills/pharmacy services",Weekly,PharmEasy,Disagree,Strongly Disagree,Neutral,Strongly Agree,Strongly Agree,Neutral,Strongly Disagree,Strongly Agree,Strongly Disagree,Strongly Disagree,Disagree,Neutral,Neutral,Disagree,Disagree,Strongly Disagree,Strongly Agree,Strongly Agree,Disagree,Strongly Disagree,Agree,Neutral,Strongly Agree,Agree,Strongly Agree,Strongly Disagree,Strongly Disagree,Strongly Agree,Strongly Disagree,Disagree,Disagree,Agree,Strongly Agree,Agree,Strongly Disagree,Strongly Disagree,Strongly Disagree,Neutral,Strongly Agree,Strongly Disagree,Agree,4
2026-02-01 23:40:58.343505,Yes,25-34,Rural / semi-urban,Marathi,"Online doctor consultations (video/chat), Scheduling appointments online, Digital health monitoring apps (e.g. BP, fitness)",Monthly,Apollo 24|7,Disagree,Neutral,Disagree,Neutral,Neutral,Neutral,Strongly Disagree,Strongly Disagree,Disagree,Neutral,Disagree,Disagree,Agree,Agree,Agree,Strongly Disagree,Strongly Disagree,Disagree,Strongly Disagree,Neutral,Neutral,Disagree,Strongly Agree,Disagree,Strongly Disagree,Disagree,Agree,Agree,Disagree,Neutral,Disagree,Agree,Neutral,Neutral,Strongly Agree,Agree,Neutral,Disagree,Agree,Agree,Strongly Agree,2
2026-02-02 00:15:27.472688,Yes,25-34,Tier-2 / Tier-3 city,Other,Scheduling appointments online,Weekly,Hospital's own app,Strongly Agree,Agree,Neutral,Neutral,Neutral,Disagree,Neutral,Agree,Neutral,Agree,Neutral,Agree,Agree,Neutral,Agree,Strongly Disagree,Disagree,Disagree,Strongly Agree,Strongly Agree,Strongly Agree,Agree,Strongly Agree,Strongly Agree,Neutral,Strongly Agree,Neutral,Agree,Strongly Disagree,Agree,Neutral,Neutral,Strongly Agree,Agree,Agree,Strongly Agree,Agree,Strongly Agree,Agree,Strongly Agree,Strongly Agree,5
2026-02-02 01:26:59.178162,Yes,18-24,Tier-2 / Tier-3 city,Other,"Online doctor consultations (video/chat), Mental health/counselling via telehealth",A few times a year,Apollo 24|7,Agree,Strongly Agree,Agree,Agree,Strongly Agree,Neutral,Agree,Agree,Strongly Agree,Agree,Disagree,Agree,Agree,Neutral,Agree,Agree,Neutral,Agree,Agree,Neutral,Strongly Disagree,Disagree,Disagree,Agree,Neutral,Neutral,Neutral,Agree,Neutral,Agree,Agree,Agree,Disagree,Strongly Disagree,Agree,Agree,Agree,Agree,Agree,Strongly Agree,Strongly Agree,5
2026-02-02 02:10:57.708711,No,,,,,,,,,,,,,,,,,,,,,,,,,,,,,,,,,,,,,,,,,,,,,,,,
2026-02-02 05:38:17.222399,Yes,45-54,Metro city,English,None of the above,,,,,,,,,,,,,,,,,,,,,,,,,,,,,,,,,,,,,,,,,,,,
2026-02-02 07:43:14.403811,No,,,,,,,,,,,,,,,,,,,,,,,,,,,,,,,,,,,,,,,,,,,,,,,,
2026-02-04 14:19:11.219083,Yes,25-34,Tier-2 / Tier-3 city,Hindi,"Mental health/counselling via telehealth, Digital health monitoring apps (e.g. BP, fitness), Online doctor consultations (video/chat)",A few times a year,Practo,Agree,Agree,Agree,Disagree,Agree,Neutral,Agree,Agree,Agree,Strongly Agree,Agree,Agree,Neutral,Neutral,Neutral,Strongly Agree,Neutral,Strongly Agree,Neutral,Disagree,Neutral,Agree,Agree,Agree,Agree,Strongly Agree,Agree,Neutral,Disagree,Strongly Disagree,Neutral,Disagree,Disagree,Neutral,Neutral,Agree,Strongly Agree,Agree,Agree,Neutral,Disagree,4
